time,value
"2020-01-01T00:00:00.000Z",0
"2020-01-01T00:15:00.000Z",0
"2020-01-01T00:30:00.000Z",0
"2020-01-01T00:45:00.000Z",0
"2020-01-01T01:00:00.000Z",0
"2020-01-01T01:15:00.000Z",0
"2020-01-01T01:30:00.000Z",0
"2020-01-01T01:45:00.000Z",0
"2020-01-01T02:00:00.000Z",0
"2020-01-01T02:15:00.000Z",0
"2020-01-01T02:30:00.000Z",0
"2020-01-01T02:45:00.000Z",0
"2020-01-01T03:00:00.000Z",0
"2020-01-01T03:15:00.000Z",0
"2020-01-01T03:30:00.000Z",0
"2020-01-01T03:45:00.000Z",0
"2020-01-01T04:00:00.000Z",0
"2020-01-01T04:15:00.000Z",0
"2020-01-01T04:30:00.000Z",0
"2020-01-01T04:45:00.000Z",0
"2020-01-01T05:00:00.000Z",0
"2020-01-01T05:15:00.000Z",0
"2020-01-01T05:30:00.000Z",0
"2020-01-01T05:45:00.000Z",0
"2020-01-01T06:00:00.000Z",0
"2020-01-01T06:15:00.000Z",0
"2020-01-01T06:30:00.000Z",0
"2020-01-01T06:45:00.000Z",0
"2020-01-01T07:00:00.000Z",0
"2020-01-01T07:15:00.000Z",0
"2020-01-01T07:30:00.000Z",2.1934
"2020-01-01T07:45:00.000Z",30.2691
"2020-01-01T08:00:00.000Z",60.5383
"2020-01-01T08:15:00.000Z",74.1374
"2020-01-01T08:30:00.000Z",62.7317
"2020-01-01T08:45:00.000Z",51.7646
"2020-01-01T09:00:00.000Z",148.7136
"2020-01-01T09:15:00.000Z",231.6247
"2020-01-01T09:30:00.000Z",58.3448
"2020-01-01T09:45:00.000Z",189.9498
"2020-01-01T10:00:00.000Z",210.1292
"2020-01-01T10:15:00.000Z",324.6255
"2020-01-01T10:30:00.000Z",348.3144
"2020-01-01T10:45:00.000Z",369.8098
"2020-01-01T11:00:00.000Z",465.0041
"2020-01-01T11:15:00.000Z",400.9563
"2020-01-01T11:30:00.000Z",539.5802
"2020-01-01T11:45:00.000Z",131.1662
"2020-01-01T12:00:00.000Z",193.4592
"2020-01-01T12:15:00.000Z",454.4757
"2020-01-01T12:30:00.000Z",306.2008
"2020-01-01T12:45:00.000Z",421.5744
"2020-01-01T13:00:00.000Z",403.1497
"2020-01-01T13:15:00.000Z",206.6197
"2020-01-01T13:30:00.000Z",327.2576
"2020-01-01T13:45:00.000Z",396.5695
"2020-01-01T14:00:00.000Z",306.2008
"2020-01-01T14:15:00.000Z",285.144
"2020-01-01T14:30:00.000Z",255.3135
"2020-01-01T14:45:00.000Z",234.6954
"2020-01-01T15:00:00.000Z",148.7136
"2020-01-01T15:15:00.000Z",125.0247
"2020-01-01T15:30:00.000Z",93.4395
"2020-01-01T15:45:00.000Z",64.9251
"2020-01-01T16:00:00.000Z",55.2741
"2020-01-01T16:15:00.000Z",57.9062
"2020-01-01T16:30:00.000Z",32.0239
"2020-01-01T16:45:00.000Z",20.1794
"2020-01-01T17:00:00.000Z",10.0897
"2020-01-01T17:15:00.000Z",0
"2020-01-01T17:30:00.000Z",0
"2020-01-01T17:45:00.000Z",0
"2020-01-01T18:00:00.000Z",0
"2020-01-01T18:15:00.000Z",0
"2020-01-01T18:30:00.000Z",0
"2020-01-01T18:45:00.000Z",0
"2020-01-01T19:00:00.000Z",0
"2020-01-01T19:15:00.000Z",0
"2020-01-01T19:30:00.000Z",0
"2020-01-01T19:45:00.000Z",0
"2020-01-01T20:00:00.000Z",0
"2020-01-01T20:15:00.000Z",0
"2020-01-01T20:30:00.000Z",0
"2020-01-01T20:45:00.000Z",0
"2020-01-01T21:00:00.000Z",0
"2020-01-01T21:15:00.000Z",0
"2020-01-01T21:30:00.000Z",0
"2020-01-01T21:45:00.000Z",0
"2020-01-01T22:00:00.000Z",0
"2020-01-01T22:15:00.000Z",0
"2020-01-01T22:30:00.000Z",0
"2020-01-01T22:45:00.000Z",0
"2020-01-01T23:00:00.000Z",0
"2020-01-01T23:15:00.000Z",0
"2020-01-01T23:30:00.000Z",0
"2020-01-01T23:45:00.000Z",0
"2020-01-02T00:00:00.000Z",0
"2020-01-02T00:15:00.000Z",0
"2020-01-02T00:30:00.000Z",0
"2020-01-02T00:45:00.000Z",0
"2020-01-02T01:00:00.000Z",0
"2020-01-02T01:15:00.000Z",0
"2020-01-02T01:30:00.000Z",0
"2020-01-02T01:45:00.000Z",0
"2020-01-02T02:00:00.000Z",0
"2020-01-02T02:15:00.000Z",0
"2020-01-02T02:30:00.000Z",0
"2020-01-02T02:45:00.000Z",0
"2020-01-02T03:00:00.000Z",0
"2020-01-02T03:15:00.000Z",0
"2020-01-02T03:30:00.000Z",0
"2020-01-02T03:45:00.000Z",0
"2020-01-02T04:00:00.000Z",0
"2020-01-02T04:15:00.000Z",0
"2020-01-02T04:30:00.000Z",0
"2020-01-02T04:45:00.000Z",0
"2020-01-02T05:00:00.000Z",0
"2020-01-02T05:15:00.000Z",0
"2020-01-02T05:30:00.000Z",0
"2020-01-02T05:45:00.000Z",0
"2020-01-02T06:00:00.000Z",0
"2020-01-02T06:15:00.000Z",0
"2020-01-02T06:30:00.000Z",0
"2020-01-02T06:45:00.000Z",0
"2020-01-02T07:00:00.000Z",0
"2020-01-02T07:15:00.000Z",3.9481
"2020-01-02T07:30:00.000Z",13.1605
"2020-01-02T07:45:00.000Z",25.0049
"2020-01-02T08:00:00.000Z",53.5193
"2020-01-02T08:15:00.000Z",73.6988
"2020-01-02T08:30:00.000Z",59.6609
"2020-01-02T08:45:00.000Z",63.1704
"2020-01-02T09:00:00.000Z",46.0617
"2020-01-02T09:15:00.000Z",73.2601
"2020-01-02T09:30:00.000Z",102.2132
"2020-01-02T09:45:00.000Z",109.2321
"2020-01-02T10:00:00.000Z",72.8214
"2020-01-02T10:15:00.000Z",109.2321
"2020-01-02T10:30:00.000Z",146.0815
"2020-01-02T10:45:00.000Z",163.1901
"2020-01-02T11:00:00.000Z",160.9967
"2020-01-02T11:15:00.000Z",134.6757
"2020-01-02T11:30:00.000Z",133.7983
"2020-01-02T11:45:00.000Z",186.0016
"2020-01-02T12:00:00.000Z",284.7053
"2020-01-02T12:15:00.000Z",593.0995
"2020-01-02T12:30:00.000Z",355.772
"2020-01-02T12:45:00.000Z",423.3292
"2020-01-02T13:00:00.000Z",447.0181
"2020-01-02T13:15:00.000Z",419.381
"2020-01-02T13:30:00.000Z",373.758
"2020-01-02T13:45:00.000Z",260.1391
"2020-01-02T14:00:00.000Z",382.093
"2020-01-02T14:15:00.000Z",332.5218
"2020-01-02T14:30:00.000Z",303.13
"2020-01-02T14:45:00.000Z",273.7382
"2020-01-02T15:00:00.000Z",252.6815
"2020-01-02T15:15:00.000Z",212.7613
"2020-01-02T15:30:00.000Z",175.0345
"2020-01-02T15:45:00.000Z",139.9399
"2020-01-02T16:00:00.000Z",103.9679
"2020-01-02T16:15:00.000Z",70.628
"2020-01-02T16:30:00.000Z",47.8165
"2020-01-02T16:45:00.000Z",26.321
"2020-01-02T17:00:00.000Z",13.1605
"2020-01-02T17:15:00.000Z",0
"2020-01-02T17:30:00.000Z",0
"2020-01-02T17:45:00.000Z",0
"2020-01-02T18:00:00.000Z",0
"2020-01-02T18:15:00.000Z",0
"2020-01-02T18:30:00.000Z",0
"2020-01-02T18:45:00.000Z",0
"2020-01-02T19:00:00.000Z",0
"2020-01-02T19:15:00.000Z",0
"2020-01-02T19:30:00.000Z",0
"2020-01-02T19:45:00.000Z",0
"2020-01-02T20:00:00.000Z",0
"2020-01-02T20:15:00.000Z",0
"2020-01-02T20:30:00.000Z",0
"2020-01-02T20:45:00.000Z",0
"2020-01-02T21:00:00.000Z",0
"2020-01-02T21:15:00.000Z",0
"2020-01-02T21:30:00.000Z",0
"2020-01-02T21:45:00.000Z",0
"2020-01-02T22:00:00.000Z",0
"2020-01-02T22:15:00.000Z",0
"2020-01-02T22:30:00.000Z",0
"2020-01-02T22:45:00.000Z",0
"2020-01-02T23:00:00.000Z",0
"2020-01-02T23:15:00.000Z",0
"2020-01-02T23:30:00.000Z",0
"2020-01-02T23:45:00.000Z",0
"2020-01-03T00:00:00.000Z",0
"2020-01-03T00:15:00.000Z",0
"2020-01-03T00:30:00.000Z",0
"2020-01-03T00:45:00.000Z",0
"2020-01-03T01:00:00.000Z",0
"2020-01-03T01:15:00.000Z",0
"2020-01-03T01:30:00.000Z",0
"2020-01-03T01:45:00.000Z",0
"2020-01-03T02:00:00.000Z",0
"2020-01-03T02:15:00.000Z",0
"2020-01-03T02:30:00.000Z",0
"2020-01-03T02:45:00.000Z",0
"2020-01-03T03:00:00.000Z",0
"2020-01-03T03:15:00.000Z",0
"2020-01-03T03:30:00.000Z",0
"2020-01-03T03:45:00.000Z",0
"2020-01-03T04:00:00.000Z",0
"2020-01-03T04:15:00.000Z",0
"2020-01-03T04:30:00.000Z",0
"2020-01-03T04:45:00.000Z",0
"2020-01-03T05:00:00.000Z",0
"2020-01-03T05:15:00.000Z",0
"2020-01-03T05:30:00.000Z",0
"2020-01-03T05:45:00.000Z",0
"2020-01-03T06:00:00.000Z",0
"2020-01-03T06:15:00.000Z",0
"2020-01-03T06:30:00.000Z",0
"2020-01-03T06:45:00.000Z",0
"2020-01-03T07:00:00.000Z",0
"2020-01-03T07:15:00.000Z",0.8774
"2020-01-03T07:30:00.000Z",13.5992
"2020-01-03T07:45:00.000Z",21.9342
"2020-01-03T08:00:00.000Z",40.7975
"2020-01-03T08:15:00.000Z",38.6041
"2020-01-03T08:30:00.000Z",75.8922
"2020-01-03T08:45:00.000Z",87.7366
"2020-01-03T09:00:00.000Z",92.5621
"2020-01-03T09:15:00.000Z",109.2321
"2020-01-03T09:30:00.000Z",119.3218
"2020-01-03T09:45:00.000Z",114.0576
"2020-01-03T10:00:00.000Z",109.2321
"2020-01-03T10:15:00.000Z",142.1333
"2020-01-03T10:30:00.000Z",163.1901
"2020-01-03T10:45:00.000Z",200.9168
"2020-01-03T11:00:00.000Z",188.195
"2020-01-03T11:15:00.000Z",170.209
"2020-01-03T11:30:00.000Z",174.5959
"2020-01-03T11:45:00.000Z",212.3226
"2020-01-03T12:00:00.000Z",207.9358
"2020-01-03T12:15:00.000Z",202.2329
"2020-01-03T12:30:00.000Z",271.5448
"2020-01-03T12:45:00.000Z",326.3802
"2020-01-03T13:00:00.000Z",424.6452
"2020-01-03T13:15:00.000Z",293.479
"2020-01-03T13:30:00.000Z",346.9983
"2020-01-03T13:45:00.000Z",295.2337
"2020-01-03T14:00:00.000Z",327.2576
"2020-01-03T14:15:00.000Z",276.809
"2020-01-03T14:30:00.000Z",301.3753
"2020-01-03T14:45:00.000Z",267.158
"2020-01-03T15:00:00.000Z",246.5399
"2020-01-03T15:15:00.000Z",211.4452
"2020-01-03T15:30:00.000Z",219.3415
"2020-01-03T15:45:00.000Z",178.1053
"2020-01-03T16:00:00.000Z",133.7983
"2020-01-03T16:15:00.000Z",93.4395
"2020-01-03T16:30:00.000Z",71.5053
"2020-01-03T16:45:00.000Z",13.1605
"2020-01-03T17:00:00.000Z",12.2831
"2020-01-03T17:15:00.000Z",0
"2020-01-03T17:30:00.000Z",0
"2020-01-03T17:45:00.000Z",0
"2020-01-03T18:00:00.000Z",0
"2020-01-03T18:15:00.000Z",0
"2020-01-03T18:30:00.000Z",0
"2020-01-03T18:45:00.000Z",0
"2020-01-03T19:00:00.000Z",0
"2020-01-03T19:15:00.000Z",0
"2020-01-03T19:30:00.000Z",0
"2020-01-03T19:45:00.000Z",0
"2020-01-03T20:00:00.000Z",0
"2020-01-03T20:15:00.000Z",0
"2020-01-03T20:30:00.000Z",0
"2020-01-03T20:45:00.000Z",0
"2020-01-03T21:00:00.000Z",0
"2020-01-03T21:15:00.000Z",0
"2020-01-03T21:30:00.000Z",0
"2020-01-03T21:45:00.000Z",0
"2020-01-03T22:00:00.000Z",0
"2020-01-03T22:15:00.000Z",0
"2020-01-03T22:30:00.000Z",0
"2020-01-03T22:45:00.000Z",0
"2020-01-03T23:00:00.000Z",0
"2020-01-03T23:15:00.000Z",0
"2020-01-03T23:30:00.000Z",0
"2020-01-03T23:45:00.000Z",0
"2020-01-04T00:00:00.000Z",0
"2020-01-04T00:15:00.000Z",0
"2020-01-04T00:30:00.000Z",0
"2020-01-04T00:45:00.000Z",0
"2020-01-04T01:00:00.000Z",0
"2020-01-04T01:15:00.000Z",0
"2020-01-04T01:30:00.000Z",0
"2020-01-04T01:45:00.000Z",0
"2020-01-04T02:00:00.000Z",0
"2020-01-04T02:15:00.000Z",0
"2020-01-04T02:30:00.000Z",0
"2020-01-04T02:45:00.000Z",0
"2020-01-04T03:00:00.000Z",0
"2020-01-04T03:15:00.000Z",0
"2020-01-04T03:30:00.000Z",0
"2020-01-04T03:45:00.000Z",0
"2020-01-04T04:00:00.000Z",0
"2020-01-04T04:15:00.000Z",0
"2020-01-04T04:30:00.000Z",0
"2020-01-04T04:45:00.000Z",0
"2020-01-04T05:00:00.000Z",0
"2020-01-04T05:15:00.000Z",0
"2020-01-04T05:30:00.000Z",0
"2020-01-04T05:45:00.000Z",0
"2020-01-04T06:00:00.000Z",0
"2020-01-04T06:15:00.000Z",0
"2020-01-04T06:30:00.000Z",0
"2020-01-04T06:45:00.000Z",0
"2020-01-04T07:00:00.000Z",0
"2020-01-04T07:15:00.000Z",3.5095
"2020-01-04T07:30:00.000Z",6.5802
"2020-01-04T07:45:00.000Z",19.7407
"2020-01-04T08:00:00.000Z",38.6041
"2020-01-04T08:15:00.000Z",39.0428
"2020-01-04T08:30:00.000Z",42.1136
"2020-01-04T08:45:00.000Z",76.3309
"2020-01-04T09:00:00.000Z",199.6008
"2020-01-04T09:15:00.000Z",264.9646
"2020-01-04T09:30:00.000Z",337.786
"2020-01-04T09:45:00.000Z",136.8691
"2020-01-04T10:00:00.000Z",293.9177
"2020-01-04T10:15:00.000Z",152.6617
"2020-01-04T10:30:00.000Z",386.4798
"2020-01-04T10:45:00.000Z",266.7193
"2020-01-04T11:00:00.000Z",291.7242
"2020-01-04T11:15:00.000Z",444.8246
"2020-01-04T11:30:00.000Z",358.4041
"2020-01-04T11:45:00.000Z",311.465
"2020-01-04T12:00:00.000Z",507.995
"2020-01-04T12:15:00.000Z",499.66
"2020-01-04T12:30:00.000Z",418.065
"2020-01-04T12:45:00.000Z",441.7539
"2020-01-04T13:00:00.000Z",436.051
"2020-01-04T13:15:00.000Z",417.6263
"2020-01-04T13:30:00.000Z",423.3292
"2020-01-04T13:45:00.000Z",368.4938
"2020-01-04T14:00:00.000Z",320.2386
"2020-01-04T14:15:00.000Z",362.7909
"2020-01-04T14:30:00.000Z",329.451
"2020-01-04T14:45:00.000Z",196.0913
"2020-01-04T15:00:00.000Z",277.2477
"2020-01-04T15:15:00.000Z",252.6815
"2020-01-04T15:30:00.000Z",185.5629
"2020-01-04T15:45:00.000Z",125.0247
"2020-01-04T16:00:00.000Z",86.4206
"2020-01-04T16:15:00.000Z",60.5383
"2020-01-04T16:30:00.000Z",32.0239
"2020-01-04T16:45:00.000Z",14.9152
"2020-01-04T17:00:00.000Z",6.1416
"2020-01-04T17:15:00.000Z",0
"2020-01-04T17:30:00.000Z",0
"2020-01-04T17:45:00.000Z",0
"2020-01-04T18:00:00.000Z",0
"2020-01-04T18:15:00.000Z",0
"2020-01-04T18:30:00.000Z",0
"2020-01-04T18:45:00.000Z",0
"2020-01-04T19:00:00.000Z",0
"2020-01-04T19:15:00.000Z",0
"2020-01-04T19:30:00.000Z",0
"2020-01-04T19:45:00.000Z",0
"2020-01-04T20:00:00.000Z",0
"2020-01-04T20:15:00.000Z",0
"2020-01-04T20:30:00.000Z",0
"2020-01-04T20:45:00.000Z",0
"2020-01-04T21:00:00.000Z",0
"2020-01-04T21:15:00.000Z",0
"2020-01-04T21:30:00.000Z",0
"2020-01-04T21:45:00.000Z",0
"2020-01-04T22:00:00.000Z",0
"2020-01-04T22:15:00.000Z",0
"2020-01-04T22:30:00.000Z",0
"2020-01-04T22:45:00.000Z",0
"2020-01-04T23:00:00.000Z",0
"2020-01-04T23:15:00.000Z",0
"2020-01-04T23:30:00.000Z",0
"2020-01-04T23:45:00.000Z",0
"2020-01-05T00:00:00.000Z",0
"2020-01-05T00:15:00.000Z",0
"2020-01-05T00:30:00.000Z",0
"2020-01-05T00:45:00.000Z",0
"2020-01-05T01:00:00.000Z",0
"2020-01-05T01:15:00.000Z",0
"2020-01-05T01:30:00.000Z",0
"2020-01-05T01:45:00.000Z",0
"2020-01-05T02:00:00.000Z",0
"2020-01-05T02:15:00.000Z",0
"2020-01-05T02:30:00.000Z",0
"2020-01-05T02:45:00.000Z",0
"2020-01-05T03:00:00.000Z",0
"2020-01-05T03:15:00.000Z",0
"2020-01-05T03:30:00.000Z",0
"2020-01-05T03:45:00.000Z",0
"2020-01-05T04:00:00.000Z",0
"2020-01-05T04:15:00.000Z",0
"2020-01-05T04:30:00.000Z",0
"2020-01-05T04:45:00.000Z",0
"2020-01-05T05:00:00.000Z",0
"2020-01-05T05:15:00.000Z",0
"2020-01-05T05:30:00.000Z",0
"2020-01-05T05:45:00.000Z",0
"2020-01-05T06:00:00.000Z",0
"2020-01-05T06:15:00.000Z",0
"2020-01-05T06:30:00.000Z",0
"2020-01-05T06:45:00.000Z",0
"2020-01-05T07:00:00.000Z",0
"2020-01-05T07:15:00.000Z",0
"2020-01-05T07:30:00.000Z",3.9481
"2020-01-05T07:45:00.000Z",10.9671
"2020-01-05T08:00:00.000Z",25.8823
"2020-01-05T08:15:00.000Z",34.2173
"2020-01-05T08:30:00.000Z",68.8732
"2020-01-05T08:45:00.000Z",100.0197
"2020-01-05T09:00:00.000Z",139.5012
"2020-01-05T09:15:00.000Z",228.9926
"2020-01-05T09:30:00.000Z",251.8041
"2020-01-05T09:45:00.000Z",291.2856
"2020-01-05T10:00:00.000Z",324.1868
"2020-01-05T10:15:00.000Z",353.5786
"2020-01-05T10:30:00.000Z",375.074
"2020-01-05T10:45:00.000Z",395.6921
"2020-01-05T11:00:00.000Z",412.3621
"2020-01-05T11:15:00.000Z",428.5934
"2020-01-05T11:30:00.000Z",441.7539
"2020-01-05T11:45:00.000Z",457.9851
"2020-01-05T12:00:00.000Z",477.2872
"2020-01-05T12:15:00.000Z",475.5325
"2020-01-05T12:30:00.000Z",472.023
"2020-01-05T12:45:00.000Z",471.1456
"2020-01-05T13:00:00.000Z",463.688
"2020-01-05T13:15:00.000Z",452.2822
"2020-01-05T13:30:00.000Z",439.1218
"2020-01-05T13:45:00.000Z",421.5744
"2020-01-05T14:00:00.000Z",401.8337
"2020-01-05T14:15:00.000Z",380.3382
"2020-01-05T14:30:00.000Z",355.772
"2020-01-05T14:45:00.000Z",325.5028
"2020-01-05T15:00:00.000Z",294.795
"2020-01-05T15:15:00.000Z",225.0444
"2020-01-05T15:30:00.000Z",184.6856
"2020-01-05T15:45:00.000Z",141.6946
"2020-01-05T16:00:00.000Z",100.8971
"2020-01-05T16:15:00.000Z",64.4864
"2020-01-05T16:30:00.000Z",35.0946
"2020-01-05T16:45:00.000Z",17.1086
"2020-01-05T17:00:00.000Z",3.9481
"2020-01-05T17:15:00.000Z",11.8444
"2020-01-05T17:30:00.000Z",0
"2020-01-05T17:45:00.000Z",0
"2020-01-05T18:00:00.000Z",0
"2020-01-05T18:15:00.000Z",0
"2020-01-05T18:30:00.000Z",0
"2020-01-05T18:45:00.000Z",0
"2020-01-05T19:00:00.000Z",0
"2020-01-05T19:15:00.000Z",0
"2020-01-05T19:30:00.000Z",0
"2020-01-05T19:45:00.000Z",0
"2020-01-05T20:00:00.000Z",0
"2020-01-05T20:15:00.000Z",0
"2020-01-05T20:30:00.000Z",0
"2020-01-05T20:45:00.000Z",0
"2020-01-05T21:00:00.000Z",0
"2020-01-05T21:15:00.000Z",0
"2020-01-05T21:30:00.000Z",0
"2020-01-05T21:45:00.000Z",0
"2020-01-05T22:00:00.000Z",0
"2020-01-05T22:15:00.000Z",0
"2020-01-05T22:30:00.000Z",0
"2020-01-05T22:45:00.000Z",0
"2020-01-05T23:00:00.000Z",0
"2020-01-05T23:15:00.000Z",0
"2020-01-05T23:30:00.000Z",0
"2020-01-05T23:45:00.000Z",0
"2020-01-06T00:00:00.000Z",0
"2020-01-06T00:15:00.000Z",0
"2020-01-06T00:30:00.000Z",0
"2020-01-06T00:45:00.000Z",0
"2020-01-06T01:00:00.000Z",0
"2020-01-06T01:15:00.000Z",0
"2020-01-06T01:30:00.000Z",0
"2020-01-06T01:45:00.000Z",0
"2020-01-06T02:00:00.000Z",0
"2020-01-06T02:15:00.000Z",0
"2020-01-06T02:30:00.000Z",0
"2020-01-06T02:45:00.000Z",0
"2020-01-06T03:00:00.000Z",0
"2020-01-06T03:15:00.000Z",0
"2020-01-06T03:30:00.000Z",0
"2020-01-06T03:45:00.000Z",0
"2020-01-06T04:00:00.000Z",0
"2020-01-06T04:15:00.000Z",0
"2020-01-06T04:30:00.000Z",0
"2020-01-06T04:45:00.000Z",0
"2020-01-06T05:00:00.000Z",0
"2020-01-06T05:15:00.000Z",0
"2020-01-06T05:30:00.000Z",0
"2020-01-06T05:45:00.000Z",0
"2020-01-06T06:00:00.000Z",0
"2020-01-06T06:15:00.000Z",0
"2020-01-06T06:30:00.000Z",0
"2020-01-06T06:45:00.000Z",0
"2020-01-06T07:00:00.000Z",0
"2020-01-06T07:15:00.000Z",0
"2020-01-06T07:30:00.000Z",3.5095
"2020-01-06T07:45:00.000Z",21.0568
"2020-01-06T08:00:00.000Z",38.6041
"2020-01-06T08:15:00.000Z",48.6938
"2020-01-06T08:30:00.000Z",57.4675
"2020-01-06T08:45:00.000Z",56.5901
"2020-01-06T09:00:00.000Z",107.916
"2020-01-06T09:15:00.000Z",117.1284
"2020-01-06T09:30:00.000Z",110.9868
"2020-01-06T09:45:00.000Z",152.6617
"2020-01-06T10:00:00.000Z",128.0955
"2020-01-06T10:15:00.000Z",146.0815
"2020-01-06T10:30:00.000Z",175.9119
"2020-01-06T10:45:00.000Z",204.4263
"2020-01-06T11:00:00.000Z",179.8601
"2020-01-06T11:15:00.000Z",563.7077
"2020-01-06T11:30:00.000Z",197.4074
"2020-01-06T11:45:00.000Z",225.9218
"2020-01-06T12:00:00.000Z",192.5819
"2020-01-06T12:15:00.000Z",199.6008
"2020-01-06T12:30:00.000Z",239.521
"2020-01-06T12:45:00.000Z",215.3934
"2020-01-06T13:00:00.000Z",629.9489
"2020-01-06T13:15:00.000Z",269.7901
"2020-01-06T13:30:00.000Z",323.3094
"2020-01-06T13:45:00.000Z",154.4164
"2020-01-06T14:00:00.000Z",147.8362
"2020-01-06T14:15:00.000Z",169.7703
"2020-01-06T14:30:00.000Z",121.9539
"2020-01-06T14:45:00.000Z",164.0675
"2020-01-06T15:00:00.000Z",140.3786
"2020-01-06T15:15:00.000Z",101.7745
"2020-01-06T15:30:00.000Z",85.1045
"2020-01-06T15:45:00.000Z",94.3169
"2020-01-06T16:00:00.000Z",70.628
"2020-01-06T16:15:00.000Z",43.8683
"2020-01-06T16:30:00.000Z",31.1465
"2020-01-06T16:45:00.000Z",21.0568
"2020-01-06T17:00:00.000Z",9.651
"2020-01-06T17:15:00.000Z",7.8963
"2020-01-06T17:30:00.000Z",0
"2020-01-06T17:45:00.000Z",0
"2020-01-06T18:00:00.000Z",0
"2020-01-06T18:15:00.000Z",0
"2020-01-06T18:30:00.000Z",0
"2020-01-06T18:45:00.000Z",0
"2020-01-06T19:00:00.000Z",0
"2020-01-06T19:15:00.000Z",0
"2020-01-06T19:30:00.000Z",0
"2020-01-06T19:45:00.000Z",0
"2020-01-06T20:00:00.000Z",0
"2020-01-06T20:15:00.000Z",0
"2020-01-06T20:30:00.000Z",0
"2020-01-06T20:45:00.000Z",0
"2020-01-06T21:00:00.000Z",0
"2020-01-06T21:15:00.000Z",0
"2020-01-06T21:30:00.000Z",0
"2020-01-06T21:45:00.000Z",0
"2020-01-06T22:00:00.000Z",0
"2020-01-06T22:15:00.000Z",0
"2020-01-06T22:30:00.000Z",0
"2020-01-06T22:45:00.000Z",0
"2020-01-06T23:00:00.000Z",0
"2020-01-06T23:15:00.000Z",0
"2020-01-06T23:30:00.000Z",0
"2020-01-06T23:45:00.000Z",0
"2020-01-07T00:00:00.000Z",0
"2020-01-07T00:15:00.000Z",0
"2020-01-07T00:30:00.000Z",0
"2020-01-07T00:45:00.000Z",0
"2020-01-07T01:00:00.000Z",0
"2020-01-07T01:15:00.000Z",0
"2020-01-07T01:30:00.000Z",0
"2020-01-07T01:45:00.000Z",0
"2020-01-07T02:00:00.000Z",0
"2020-01-07T02:15:00.000Z",0
"2020-01-07T02:30:00.000Z",0
"2020-01-07T02:45:00.000Z",0
"2020-01-07T03:00:00.000Z",0
"2020-01-07T03:15:00.000Z",0
"2020-01-07T03:30:00.000Z",0
"2020-01-07T03:45:00.000Z",0
"2020-01-07T04:00:00.000Z",0
"2020-01-07T04:15:00.000Z",0
"2020-01-07T04:30:00.000Z",0
"2020-01-07T04:45:00.000Z",0
"2020-01-07T05:00:00.000Z",0
"2020-01-07T05:15:00.000Z",0
"2020-01-07T05:30:00.000Z",0
"2020-01-07T05:45:00.000Z",0
"2020-01-07T06:00:00.000Z",0
"2020-01-07T06:15:00.000Z",0
"2020-01-07T06:30:00.000Z",0
"2020-01-07T06:45:00.000Z",0
"2020-01-07T07:00:00.000Z",0
"2020-01-07T07:15:00.000Z",12.7218
"2020-01-07T07:30:00.000Z",7.4576
"2020-01-07T07:45:00.000Z",21.9342
"2020-01-07T08:00:00.000Z",35.5333
"2020-01-07T08:15:00.000Z",32.4625
"2020-01-07T08:30:00.000Z",49.5712
"2020-01-07T08:45:00.000Z",77.6469
"2020-01-07T09:00:00.000Z",88.1753
"2020-01-07T09:15:00.000Z",108.3547
"2020-01-07T09:30:00.000Z",128.0955
"2020-01-07T09:45:00.000Z",95.1942
"2020-01-07T10:00:00.000Z",160.9967
"2020-01-07T10:15:00.000Z",147.3975
"2020-01-07T10:30:00.000Z",154.4164
"2020-01-07T10:45:00.000Z",181.1761
"2020-01-07T11:00:00.000Z",156.6099
"2020-01-07T11:15:00.000Z",207.4971
"2020-01-07T11:30:00.000Z",232.502
"2020-01-07T11:45:00.000Z",187.7564
"2020-01-07T12:00:00.000Z",170.209
"2020-01-07T12:15:00.000Z",194.3366
"2020-01-07T12:30:00.000Z",135.9918
"2020-01-07T12:45:00.000Z",178.9827
"2020-01-07T13:00:00.000Z",142.572
"2020-01-07T13:15:00.000Z",193.8979
"2020-01-07T13:30:00.000Z",166.2609
"2020-01-07T13:45:00.000Z",140.8173
"2020-01-07T14:00:00.000Z",189.5111
"2020-01-07T14:15:00.000Z",120.6378
"2020-01-07T14:30:00.000Z",114.935
"2020-01-07T14:45:00.000Z",107.4774
"2020-01-07T15:00:00.000Z",93.8782
"2020-01-07T15:15:00.000Z",101.7745
"2020-01-07T15:30:00.000Z",61.8543
"2020-01-07T15:45:00.000Z",60.0996
"2020-01-07T16:00:00.000Z",49.1325
"2020-01-07T16:15:00.000Z",27.637
"2020-01-07T16:30:00.000Z",33.7786
"2020-01-07T16:45:00.000Z",17.1086
"2020-01-07T17:00:00.000Z",2.6321
"2020-01-07T17:15:00.000Z",0
"2020-01-07T17:30:00.000Z",0
"2020-01-07T17:45:00.000Z",0
"2020-01-07T18:00:00.000Z",0
"2020-01-07T18:15:00.000Z",0
"2020-01-07T18:30:00.000Z",0
"2020-01-07T18:45:00.000Z",0
"2020-01-07T19:00:00.000Z",0
"2020-01-07T19:15:00.000Z",0
"2020-01-07T19:30:00.000Z",0
"2020-01-07T19:45:00.000Z",0
"2020-01-07T20:00:00.000Z",0
"2020-01-07T20:15:00.000Z",0
"2020-01-07T20:30:00.000Z",0
"2020-01-07T20:45:00.000Z",0
"2020-01-07T21:00:00.000Z",0
"2020-01-07T21:15:00.000Z",0
"2020-01-07T21:30:00.000Z",0
"2020-01-07T21:45:00.000Z",0
"2020-01-07T22:00:00.000Z",0
"2020-01-07T22:15:00.000Z",0
"2020-01-07T22:30:00.000Z",0
"2020-01-07T22:45:00.000Z",0
"2020-01-07T23:00:00.000Z",0
"2020-01-07T23:15:00.000Z",0
"2020-01-07T23:30:00.000Z",0
"2020-01-07T23:45:00.000Z",0
"2020-01-08T00:00:00.000Z",0
"2020-01-08T00:15:00.000Z",0
"2020-01-08T00:30:00.000Z",0
"2020-01-08T00:45:00.000Z",0
"2020-01-08T01:00:00.000Z",0
"2020-01-08T01:15:00.000Z",0
"2020-01-08T01:30:00.000Z",0
"2020-01-08T01:45:00.000Z",0
"2020-01-08T02:00:00.000Z",0
"2020-01-08T02:15:00.000Z",0
"2020-01-08T02:30:00.000Z",0
"2020-01-08T02:45:00.000Z",0
"2020-01-08T03:00:00.000Z",0
"2020-01-08T03:15:00.000Z",0
"2020-01-08T03:30:00.000Z",0
"2020-01-08T03:45:00.000Z",0
"2020-01-08T04:00:00.000Z",0
"2020-01-08T04:15:00.000Z",0
"2020-01-08T04:30:00.000Z",0
"2020-01-08T04:45:00.000Z",0
"2020-01-08T05:00:00.000Z",0
"2020-01-08T05:15:00.000Z",0
"2020-01-08T05:30:00.000Z",0
"2020-01-08T05:45:00.000Z",0
"2020-01-08T06:00:00.000Z",0
"2020-01-08T06:15:00.000Z",0
"2020-01-08T06:30:00.000Z",0
"2020-01-08T06:45:00.000Z",0
"2020-01-08T07:00:00.000Z",0
"2020-01-08T07:15:00.000Z",0
"2020-01-08T07:30:00.000Z",13.1605
"2020-01-08T07:45:00.000Z",8.335
"2020-01-08T08:00:00.000Z",20.6181
"2020-01-08T08:15:00.000Z",25.0049
"2020-01-08T08:30:00.000Z",35.0946
"2020-01-08T08:45:00.000Z",46.0617
"2020-01-08T09:00:00.000Z",54.8354
"2020-01-08T09:15:00.000Z",78.963
"2020-01-08T09:30:00.000Z",68.8732
"2020-01-08T09:45:00.000Z",71.0667
"2020-01-08T10:00:00.000Z",92.5621
"2020-01-08T10:15:00.000Z",117.1284
"2020-01-08T10:30:00.000Z",146.5201
"2020-01-08T10:45:00.000Z",182.0535
"2020-01-08T11:00:00.000Z",258.3843
"2020-01-08T11:15:00.000Z",552.302
"2020-01-08T11:30:00.000Z",515.4526
"2020-01-08T11:45:00.000Z",502.7308
"2020-01-08T12:00:00.000Z",242.5917
"2020-01-08T12:15:00.000Z",233.3794
"2020-01-08T12:30:00.000Z",242.1531
"2020-01-08T12:45:00.000Z",500.5374
"2020-01-08T13:00:00.000Z",456.6691
"2020-01-08T13:15:00.000Z",370.2485
"2020-01-08T13:30:00.000Z",280.7572
"2020-01-08T13:45:00.000Z",218.9029
"2020-01-08T14:00:00.000Z",189.5111
"2020-01-08T14:15:00.000Z",291.2856
"2020-01-08T14:30:00.000Z",296.1111
"2020-01-08T14:45:00.000Z",188.6337
"2020-01-08T15:00:00.000Z",326.3802
"2020-01-08T15:15:00.000Z",81.1564
"2020-01-08T15:30:00.000Z",50.8872
"2020-01-08T15:45:00.000Z",73.2601
"2020-01-08T16:00:00.000Z",37.2881
"2020-01-08T16:15:00.000Z",28.0757
"2020-01-08T16:30:00.000Z",20.6181
"2020-01-08T16:45:00.000Z",5.2642
"2020-01-08T17:00:00.000Z",7.8963
"2020-01-08T17:15:00.000Z",0
"2020-01-08T17:30:00.000Z",0
"2020-01-08T17:45:00.000Z",0
"2020-01-08T18:00:00.000Z",0
"2020-01-08T18:15:00.000Z",0
"2020-01-08T18:30:00.000Z",0
"2020-01-08T18:45:00.000Z",0
"2020-01-08T19:00:00.000Z",0
"2020-01-08T19:15:00.000Z",0
"2020-01-08T19:30:00.000Z",0
"2020-01-08T19:45:00.000Z",0
"2020-01-08T20:00:00.000Z",0
"2020-01-08T20:15:00.000Z",0
"2020-01-08T20:30:00.000Z",0
"2020-01-08T20:45:00.000Z",0
"2020-01-08T21:00:00.000Z",0
"2020-01-08T21:15:00.000Z",0
"2020-01-08T21:30:00.000Z",0
"2020-01-08T21:45:00.000Z",0
"2020-01-08T22:00:00.000Z",0
"2020-01-08T22:15:00.000Z",0
"2020-01-08T22:30:00.000Z",0
"2020-01-08T22:45:00.000Z",0
"2020-01-08T23:00:00.000Z",0
"2020-01-08T23:15:00.000Z",0
"2020-01-08T23:30:00.000Z",0
"2020-01-08T23:45:00.000Z",0
"2020-01-09T00:00:00.000Z",0
"2020-01-09T00:15:00.000Z",0
"2020-01-09T00:30:00.000Z",0
"2020-01-09T00:45:00.000Z",0
"2020-01-09T01:00:00.000Z",0
"2020-01-09T01:15:00.000Z",0
"2020-01-09T01:30:00.000Z",0
"2020-01-09T01:45:00.000Z",0
"2020-01-09T02:00:00.000Z",0
"2020-01-09T02:15:00.000Z",0
"2020-01-09T02:30:00.000Z",0
"2020-01-09T02:45:00.000Z",0
"2020-01-09T03:00:00.000Z",0
"2020-01-09T03:15:00.000Z",0
"2020-01-09T03:30:00.000Z",0
"2020-01-09T03:45:00.000Z",0
"2020-01-09T04:00:00.000Z",0
"2020-01-09T04:15:00.000Z",0
"2020-01-09T04:30:00.000Z",0
"2020-01-09T04:45:00.000Z",0
"2020-01-09T05:00:00.000Z",0
"2020-01-09T05:15:00.000Z",0
"2020-01-09T05:30:00.000Z",0
"2020-01-09T05:45:00.000Z",0
"2020-01-09T06:00:00.000Z",0
"2020-01-09T06:15:00.000Z",0
"2020-01-09T06:30:00.000Z",0
"2020-01-09T06:45:00.000Z",0
"2020-01-09T07:00:00.000Z",0
"2020-01-09T07:15:00.000Z",0
"2020-01-09T07:30:00.000Z",0
"2020-01-09T07:45:00.000Z",3.9481
"2020-01-09T08:00:00.000Z",13.5992
"2020-01-09T08:15:00.000Z",10.9671
"2020-01-09T08:30:00.000Z",15.3539
"2020-01-09T08:45:00.000Z",31.5852
"2020-01-09T09:00:00.000Z",68.8732
"2020-01-09T09:15:00.000Z",113.6189
"2020-01-09T09:30:00.000Z",138.1852
"2020-01-09T09:45:00.000Z",128.5341
"2020-01-09T10:00:00.000Z",270.6675
"2020-01-09T10:15:00.000Z",146.0815
"2020-01-09T10:30:00.000Z",216.2708
"2020-01-09T10:45:00.000Z",150.907
"2020-01-09T11:00:00.000Z",82.4724
"2020-01-09T11:15:00.000Z",153.9778
"2020-01-09T11:30:00.000Z",182.9308
"2020-01-09T11:45:00.000Z",181.6148
"2020-01-09T12:00:00.000Z",106.1613
"2020-01-09T12:15:00.000Z",159.6806
"2020-01-09T12:30:00.000Z",120.6378
"2020-01-09T12:45:00.000Z",182.4922
"2020-01-09T13:00:00.000Z",144.7654
"2020-01-09T13:15:00.000Z",546.1604
"2020-01-09T13:30:00.000Z",199.1621
"2020-01-09T13:45:00.000Z",249.6107
"2020-01-09T14:00:00.000Z",196.9687
"2020-01-09T14:15:00.000Z",159.6806
"2020-01-09T14:30:00.000Z",175.0345
"2020-01-09T14:45:00.000Z",175.9119
"2020-01-09T15:00:00.000Z",160.9967
"2020-01-09T15:15:00.000Z",159.6806
"2020-01-09T15:30:00.000Z",195.214
"2020-01-09T15:45:00.000Z",82.4724
"2020-01-09T16:00:00.000Z",49.1325
"2020-01-09T16:15:00.000Z",23.6889
"2020-01-09T16:30:00.000Z",21.4955
"2020-01-09T16:45:00.000Z",19.3021
"2020-01-09T17:00:00.000Z",5.7029
"2020-01-09T17:15:00.000Z",12.7218
"2020-01-09T17:30:00.000Z",0
"2020-01-09T17:45:00.000Z",0
"2020-01-09T18:00:00.000Z",0
"2020-01-09T18:15:00.000Z",0
"2020-01-09T18:30:00.000Z",0
"2020-01-09T18:45:00.000Z",0
"2020-01-09T19:00:00.000Z",0
"2020-01-09T19:15:00.000Z",0
"2020-01-09T19:30:00.000Z",0
"2020-01-09T19:45:00.000Z",0
"2020-01-09T20:00:00.000Z",0
"2020-01-09T20:15:00.000Z",0
"2020-01-09T20:30:00.000Z",0
"2020-01-09T20:45:00.000Z",0
"2020-01-09T21:00:00.000Z",0
"2020-01-09T21:15:00.000Z",0
"2020-01-09T21:30:00.000Z",0
"2020-01-09T21:45:00.000Z",0
"2020-01-09T22:00:00.000Z",0
"2020-01-09T22:15:00.000Z",0
"2020-01-09T22:30:00.000Z",0
"2020-01-09T22:45:00.000Z",0
"2020-01-09T23:00:00.000Z",0
"2020-01-09T23:15:00.000Z",0
"2020-01-09T23:30:00.000Z",0
"2020-01-09T23:45:00.000Z",0
"2020-01-10T00:00:00.000Z",0
"2020-01-10T00:15:00.000Z",0
"2020-01-10T00:30:00.000Z",0
"2020-01-10T00:45:00.000Z",0
"2020-01-10T01:00:00.000Z",0
"2020-01-10T01:15:00.000Z",0
"2020-01-10T01:30:00.000Z",0
"2020-01-10T01:45:00.000Z",0
"2020-01-10T02:00:00.000Z",0
"2020-01-10T02:15:00.000Z",0
"2020-01-10T02:30:00.000Z",0
"2020-01-10T02:45:00.000Z",0
"2020-01-10T03:00:00.000Z",0
"2020-01-10T03:15:00.000Z",0
"2020-01-10T03:30:00.000Z",0
"2020-01-10T03:45:00.000Z",0
"2020-01-10T04:00:00.000Z",0
"2020-01-10T04:15:00.000Z",0
"2020-01-10T04:30:00.000Z",0
"2020-01-10T04:45:00.000Z",0
"2020-01-10T05:00:00.000Z",0
"2020-01-10T05:15:00.000Z",0
"2020-01-10T05:30:00.000Z",0
"2020-01-10T05:45:00.000Z",0
"2020-01-10T06:00:00.000Z",0
"2020-01-10T06:15:00.000Z",0
"2020-01-10T06:30:00.000Z",0
"2020-01-10T06:45:00.000Z",0
"2020-01-10T07:00:00.000Z",0
"2020-01-10T07:15:00.000Z",0
"2020-01-10T07:30:00.000Z",2.1934
"2020-01-10T07:45:00.000Z",18.4247
"2020-01-10T08:00:00.000Z",49.1325
"2020-01-10T08:15:00.000Z",78.963
"2020-01-10T08:30:00.000Z",98.7037
"2020-01-10T08:45:00.000Z",137.3078
"2020-01-10T09:00:00.000Z",182.4922
"2020-01-10T09:15:00.000Z",218.4642
"2020-01-10T09:30:00.000Z",180.2987
"2020-01-10T09:45:00.000Z",305.7621
"2020-01-10T10:00:00.000Z",182.0535
"2020-01-10T10:15:00.000Z",279.0024
"2020-01-10T10:30:00.000Z",229.8699
"2020-01-10T10:45:00.000Z",401.8337
"2020-01-10T11:00:00.000Z",229.8699
"2020-01-10T11:15:00.000Z",487.3769
"2020-01-10T11:30:00.000Z",456.2304
"2020-01-10T11:45:00.000Z",474.2164
"2020-01-10T12:00:00.000Z",147.8362
"2020-01-10T12:15:00.000Z",333.3991
"2020-01-10T12:30:00.000Z",134.237
"2020-01-10T12:45:00.000Z",436.9283
"2020-01-10T13:00:00.000Z",477.7259
"2020-01-10T13:15:00.000Z",522.4715
"2020-01-10T13:30:00.000Z",422.8905
"2020-01-10T13:45:00.000Z",338.6633
"2020-01-10T14:00:00.000Z",394.3761
"2020-01-10T14:15:00.000Z",382.093
"2020-01-10T14:30:00.000Z",365.8617
"2020-01-10T14:45:00.000Z",304.8847
"2020-01-10T15:00:00.000Z",268.0354
"2020-01-10T15:15:00.000Z",209.2518
"2020-01-10T15:30:00.000Z",195.6527
"2020-01-10T15:45:00.000Z",113.6189
"2020-01-10T16:00:00.000Z",92.5621
"2020-01-10T16:15:00.000Z",96.0716
"2020-01-10T16:30:00.000Z",60.9769
"2020-01-10T16:45:00.000Z",35.5333
"2020-01-10T17:00:00.000Z",20.1794
"2020-01-10T17:15:00.000Z",5.2642
"2020-01-10T17:30:00.000Z",0
"2020-01-10T17:45:00.000Z",0
"2020-01-10T18:00:00.000Z",0
"2020-01-10T18:15:00.000Z",0
"2020-01-10T18:30:00.000Z",0
"2020-01-10T18:45:00.000Z",0
"2020-01-10T19:00:00.000Z",0
"2020-01-10T19:15:00.000Z",0
"2020-01-10T19:30:00.000Z",0
"2020-01-10T19:45:00.000Z",0
"2020-01-10T20:00:00.000Z",0
"2020-01-10T20:15:00.000Z",0
"2020-01-10T20:30:00.000Z",0
"2020-01-10T20:45:00.000Z",0
"2020-01-10T21:00:00.000Z",0
"2020-01-10T21:15:00.000Z",0
"2020-01-10T21:30:00.000Z",0
"2020-01-10T21:45:00.000Z",0
"2020-01-10T22:00:00.000Z",0
"2020-01-10T22:15:00.000Z",0
"2020-01-10T22:30:00.000Z",0
"2020-01-10T22:45:00.000Z",0
"2020-01-10T23:00:00.000Z",0
"2020-01-10T23:15:00.000Z",0
"2020-01-10T23:30:00.000Z",0
"2020-01-10T23:45:00.000Z",0
"2020-01-11T00:00:00.000Z",0
"2020-01-11T00:15:00.000Z",0
"2020-01-11T00:30:00.000Z",0
"2020-01-11T00:45:00.000Z",0
"2020-01-11T01:00:00.000Z",0
"2020-01-11T01:15:00.000Z",0
"2020-01-11T01:30:00.000Z",0
"2020-01-11T01:45:00.000Z",0
"2020-01-11T02:00:00.000Z",0
"2020-01-11T02:15:00.000Z",0
"2020-01-11T02:30:00.000Z",0
"2020-01-11T02:45:00.000Z",0
"2020-01-11T03:00:00.000Z",0
"2020-01-11T03:15:00.000Z",0
"2020-01-11T03:30:00.000Z",0
"2020-01-11T03:45:00.000Z",0
"2020-01-11T04:00:00.000Z",0
"2020-01-11T04:15:00.000Z",0
"2020-01-11T04:30:00.000Z",0
"2020-01-11T04:45:00.000Z",0
"2020-01-11T05:00:00.000Z",0
"2020-01-11T05:15:00.000Z",0
"2020-01-11T05:30:00.000Z",0
"2020-01-11T05:45:00.000Z",0
"2020-01-11T06:00:00.000Z",0
"2020-01-11T06:15:00.000Z",0
"2020-01-11T06:30:00.000Z",0
"2020-01-11T06:45:00.000Z",0
"2020-01-11T07:00:00.000Z",0
"2020-01-11T07:15:00.000Z",0
"2020-01-11T07:30:00.000Z",24.1276
"2020-01-11T07:45:00.000Z",32.4625
"2020-01-11T08:00:00.000Z",36.8494
"2020-01-11T08:15:00.000Z",57.4675
"2020-01-11T08:30:00.000Z",78.0856
"2020-01-11T08:45:00.000Z",53.0807
"2020-01-11T09:00:00.000Z",58.7835
"2020-01-11T09:15:00.000Z",85.9819
"2020-01-11T09:30:00.000Z",93.0008
"2020-01-11T09:45:00.000Z",85.9819
"2020-01-11T10:00:00.000Z",74.1374
"2020-01-11T10:15:00.000Z",140.8173
"2020-01-11T10:30:00.000Z",228.9926
"2020-01-11T10:45:00.000Z",200.4782
"2020-01-11T11:00:00.000Z",191.7045
"2020-01-11T11:15:00.000Z",361.4749
"2020-01-11T11:30:00.000Z",243.9078
"2020-01-11T11:45:00.000Z",470.2683
"2020-01-11T12:00:00.000Z",471.5843
"2020-01-11T12:15:00.000Z",471.1456
"2020-01-11T12:30:00.000Z",471.1456
"2020-01-11T12:45:00.000Z",467.1975
"2020-01-11T13:00:00.000Z",460.6172
"2020-01-11T13:15:00.000Z",450.5275
"2020-01-11T13:30:00.000Z",454.4757
"2020-01-11T13:45:00.000Z",108.3547
"2020-01-11T14:00:00.000Z",212.7613
"2020-01-11T14:15:00.000Z",381.6543
"2020-01-11T14:30:00.000Z",426.3999
"2020-01-11T14:45:00.000Z",317.6065
"2020-01-11T15:00:00.000Z",87.2979
"2020-01-11T15:15:00.000Z",60.0996
"2020-01-11T15:30:00.000Z",41.2362
"2020-01-11T15:45:00.000Z",155.7325
"2020-01-11T16:00:00.000Z",154.4164
"2020-01-11T16:15:00.000Z",46.9391
"2020-01-11T16:30:00.000Z",42.9909
"2020-01-11T16:45:00.000Z",28.9531
"2020-01-11T17:00:00.000Z",16.67
"2020-01-11T17:15:00.000Z",3.0708
"2020-01-11T17:30:00.000Z",0
"2020-01-11T17:45:00.000Z",0
"2020-01-11T18:00:00.000Z",0
"2020-01-11T18:15:00.000Z",0
"2020-01-11T18:30:00.000Z",0
"2020-01-11T18:45:00.000Z",0
"2020-01-11T19:00:00.000Z",0
"2020-01-11T19:15:00.000Z",0
"2020-01-11T19:30:00.000Z",0
"2020-01-11T19:45:00.000Z",0
"2020-01-11T20:00:00.000Z",0
"2020-01-11T20:15:00.000Z",0
"2020-01-11T20:30:00.000Z",0
"2020-01-11T20:45:00.000Z",0
"2020-01-11T21:00:00.000Z",0
"2020-01-11T21:15:00.000Z",0
"2020-01-11T21:30:00.000Z",0
"2020-01-11T21:45:00.000Z",0
"2020-01-11T22:00:00.000Z",0
"2020-01-11T22:15:00.000Z",0
"2020-01-11T22:30:00.000Z",0
"2020-01-11T22:45:00.000Z",0
"2020-01-11T23:00:00.000Z",0
"2020-01-11T23:15:00.000Z",0
"2020-01-11T23:30:00.000Z",0
"2020-01-11T23:45:00.000Z",0
"2020-01-12T00:00:00.000Z",0
"2020-01-12T00:15:00.000Z",0
"2020-01-12T00:30:00.000Z",0
"2020-01-12T00:45:00.000Z",0
"2020-01-12T01:00:00.000Z",0
"2020-01-12T01:15:00.000Z",0
"2020-01-12T01:30:00.000Z",0
"2020-01-12T01:45:00.000Z",0
"2020-01-12T02:00:00.000Z",0
"2020-01-12T02:15:00.000Z",0
"2020-01-12T02:30:00.000Z",0
"2020-01-12T02:45:00.000Z",0
"2020-01-12T03:00:00.000Z",0
"2020-01-12T03:15:00.000Z",0
"2020-01-12T03:30:00.000Z",0
"2020-01-12T03:45:00.000Z",0
"2020-01-12T04:00:00.000Z",0
"2020-01-12T04:15:00.000Z",0
"2020-01-12T04:30:00.000Z",0
"2020-01-12T04:45:00.000Z",0
"2020-01-12T05:00:00.000Z",0
"2020-01-12T05:15:00.000Z",0
"2020-01-12T05:30:00.000Z",0
"2020-01-12T05:45:00.000Z",0
"2020-01-12T06:00:00.000Z",0
"2020-01-12T06:15:00.000Z",0
"2020-01-12T06:30:00.000Z",0
"2020-01-12T06:45:00.000Z",0
"2020-01-12T07:00:00.000Z",0
"2020-01-12T07:15:00.000Z",1.7547
"2020-01-12T07:30:00.000Z",18.8634
"2020-01-12T07:45:00.000Z",29.8304
"2020-01-12T08:00:00.000Z",60.9769
"2020-01-12T08:15:00.000Z",90.3687
"2020-01-12T08:30:00.000Z",142.572
"2020-01-12T08:45:00.000Z",195.214
"2020-01-12T09:00:00.000Z",151.3457
"2020-01-12T09:15:00.000Z",67.9959
"2020-01-12T09:30:00.000Z",256.1909
"2020-01-12T09:45:00.000Z",240.837
"2020-01-12T10:00:00.000Z",349.1917
"2020-01-12T10:15:00.000Z",373.758
"2020-01-12T10:30:00.000Z",320.2386
"2020-01-12T10:45:00.000Z",426.3999
"2020-01-12T11:00:00.000Z",346.5596
"2020-01-12T11:15:00.000Z",459.7399
"2020-01-12T11:30:00.000Z",497.0279
"2020-01-12T11:45:00.000Z",486.9382
"2020-01-12T12:00:00.000Z",563.2691
"2020-01-12T12:15:00.000Z",265.8419
"2020-01-12T12:30:00.000Z",566.3398
"2020-01-12T12:45:00.000Z",531.2452
"2020-01-12T13:00:00.000Z",593.5382
"2020-01-12T13:15:00.000Z",578.623
"2020-01-12T13:30:00.000Z",460.1785
"2020-01-12T13:45:00.000Z",223.2897
"2020-01-12T14:00:00.000Z",196.0913
"2020-01-12T14:15:00.000Z",155.2938
"2020-01-12T14:30:00.000Z",174.5959
"2020-01-12T14:45:00.000Z",158.8033
"2020-01-12T15:00:00.000Z",200.4782
"2020-01-12T15:15:00.000Z",167.1383
"2020-01-12T15:30:00.000Z",231.6247
"2020-01-12T15:45:00.000Z",163.1901
"2020-01-12T16:00:00.000Z",137.3078
"2020-01-12T16:15:00.000Z",98.7037
"2020-01-12T16:30:00.000Z",55.2741
"2020-01-12T16:45:00.000Z",16.2313
"2020-01-12T17:00:00.000Z",2.6321
"2020-01-12T17:15:00.000Z",0
"2020-01-12T17:30:00.000Z",0
"2020-01-12T17:45:00.000Z",0
"2020-01-12T18:00:00.000Z",0
"2020-01-12T18:15:00.000Z",0
"2020-01-12T18:30:00.000Z",0
"2020-01-12T18:45:00.000Z",0
"2020-01-12T19:00:00.000Z",0
"2020-01-12T19:15:00.000Z",0
"2020-01-12T19:30:00.000Z",0
"2020-01-12T19:45:00.000Z",0
"2020-01-12T20:00:00.000Z",0
"2020-01-12T20:15:00.000Z",0
"2020-01-12T20:30:00.000Z",0
"2020-01-12T20:45:00.000Z",0
"2020-01-12T21:00:00.000Z",0
"2020-01-12T21:15:00.000Z",0
"2020-01-12T21:30:00.000Z",0
"2020-01-12T21:45:00.000Z",0
"2020-01-12T22:00:00.000Z",0
"2020-01-12T22:15:00.000Z",0
"2020-01-12T22:30:00.000Z",0
"2020-01-12T22:45:00.000Z",0
"2020-01-12T23:00:00.000Z",0
"2020-01-12T23:15:00.000Z",0
"2020-01-12T23:30:00.000Z",0
"2020-01-12T23:45:00.000Z",0
"2020-01-13T00:00:00.000Z",0
"2020-01-13T00:15:00.000Z",0
"2020-01-13T00:30:00.000Z",0
"2020-01-13T00:45:00.000Z",0
"2020-01-13T01:00:00.000Z",0
"2020-01-13T01:15:00.000Z",0
"2020-01-13T01:30:00.000Z",0
"2020-01-13T01:45:00.000Z",0
"2020-01-13T02:00:00.000Z",0
"2020-01-13T02:15:00.000Z",0
"2020-01-13T02:30:00.000Z",0
"2020-01-13T02:45:00.000Z",0
"2020-01-13T03:00:00.000Z",0
"2020-01-13T03:15:00.000Z",0
"2020-01-13T03:30:00.000Z",0
"2020-01-13T03:45:00.000Z",0
"2020-01-13T04:00:00.000Z",0
"2020-01-13T04:15:00.000Z",0
"2020-01-13T04:30:00.000Z",0
"2020-01-13T04:45:00.000Z",0
"2020-01-13T05:00:00.000Z",0
"2020-01-13T05:15:00.000Z",0
"2020-01-13T05:30:00.000Z",0
"2020-01-13T05:45:00.000Z",0
"2020-01-13T06:00:00.000Z",0
"2020-01-13T06:15:00.000Z",0
"2020-01-13T06:30:00.000Z",0
"2020-01-13T06:45:00.000Z",0
"2020-01-13T07:00:00.000Z",0
"2020-01-13T07:15:00.000Z",10.9671
"2020-01-13T07:30:00.000Z",9.2123
"2020-01-13T07:45:00.000Z",18.4247
"2020-01-13T08:00:00.000Z",32.9012
"2020-01-13T08:15:00.000Z",67.5572
"2020-01-13T08:30:00.000Z",100.0197
"2020-01-13T08:45:00.000Z",135.9918
"2020-01-13T09:00:00.000Z",173.7185
"2020-01-13T09:15:00.000Z",247.4173
"2020-01-13T09:30:00.000Z",285.5827
"2020-01-13T09:45:00.000Z",314.5358
"2020-01-13T10:00:00.000Z",338.6633
"2020-01-13T10:15:00.000Z",362.7909
"2020-01-13T10:30:00.000Z",386.0411
"2020-01-13T10:45:00.000Z",407.5366
"2020-01-13T11:00:00.000Z",424.6452
"2020-01-13T11:15:00.000Z",443.5086
"2020-01-13T11:30:00.000Z",454.037
"2020-01-13T11:45:00.000Z",464.1267
"2020-01-13T12:00:00.000Z",474.2164
"2020-01-13T12:15:00.000Z",479.9193
"2020-01-13T12:30:00.000Z",481.2353
"2020-01-13T12:45:00.000Z",471.5843
"2020-01-13T13:00:00.000Z",463.2493
"2020-01-13T13:15:00.000Z",453.5983
"2020-01-13T13:30:00.000Z",437.8057
"2020-01-13T13:45:00.000Z",420.6971
"2020-01-13T14:00:00.000Z",400.079
"2020-01-13T14:15:00.000Z",378.1448
"2020-01-13T14:30:00.000Z",353.1399
"2020-01-13T14:45:00.000Z",325.5028
"2020-01-13T15:00:00.000Z",295.2337
"2020-01-13T15:15:00.000Z",263.2098
"2020-01-13T15:30:00.000Z",228.1152
"2020-01-13T15:45:00.000Z",186.4403
"2020-01-13T16:00:00.000Z",106.6
"2020-01-13T16:15:00.000Z",69.7506
"2020-01-13T16:30:00.000Z",39.4815
"2020-01-13T16:45:00.000Z",20.1794
"2020-01-13T17:00:00.000Z",7.4576
"2020-01-13T17:15:00.000Z",11.4058
"2020-01-13T17:30:00.000Z",0
"2020-01-13T17:45:00.000Z",0
"2020-01-13T18:00:00.000Z",0
"2020-01-13T18:15:00.000Z",0
"2020-01-13T18:30:00.000Z",0
"2020-01-13T18:45:00.000Z",0
"2020-01-13T19:00:00.000Z",0
"2020-01-13T19:15:00.000Z",0
"2020-01-13T19:30:00.000Z",0
"2020-01-13T19:45:00.000Z",0
"2020-01-13T20:00:00.000Z",0
"2020-01-13T20:15:00.000Z",0
"2020-01-13T20:30:00.000Z",0
"2020-01-13T20:45:00.000Z",0
"2020-01-13T21:00:00.000Z",0
"2020-01-13T21:15:00.000Z",0
"2020-01-13T21:30:00.000Z",0
"2020-01-13T21:45:00.000Z",0
"2020-01-13T22:00:00.000Z",0
"2020-01-13T22:15:00.000Z",0
"2020-01-13T22:30:00.000Z",0
"2020-01-13T22:45:00.000Z",0
"2020-01-13T23:00:00.000Z",0
"2020-01-13T23:15:00.000Z",0
"2020-01-13T23:30:00.000Z",0
"2020-01-13T23:45:00.000Z",0
"2020-01-14T00:00:00.000Z",0
"2020-01-14T00:15:00.000Z",0
"2020-01-14T00:30:00.000Z",0
"2020-01-14T00:45:00.000Z",0
"2020-01-14T01:00:00.000Z",0
"2020-01-14T01:15:00.000Z",0
"2020-01-14T01:30:00.000Z",0
"2020-01-14T01:45:00.000Z",0
"2020-01-14T02:00:00.000Z",0
"2020-01-14T02:15:00.000Z",0
"2020-01-14T02:30:00.000Z",0
"2020-01-14T02:45:00.000Z",0
"2020-01-14T03:00:00.000Z",0
"2020-01-14T03:15:00.000Z",0
"2020-01-14T03:30:00.000Z",0
"2020-01-14T03:45:00.000Z",0
"2020-01-14T04:00:00.000Z",0
"2020-01-14T04:15:00.000Z",0
"2020-01-14T04:30:00.000Z",0
"2020-01-14T04:45:00.000Z",0
"2020-01-14T05:00:00.000Z",0
"2020-01-14T05:15:00.000Z",0
"2020-01-14T05:30:00.000Z",0
"2020-01-14T05:45:00.000Z",0
"2020-01-14T06:00:00.000Z",0
"2020-01-14T06:15:00.000Z",0
"2020-01-14T06:30:00.000Z",0
"2020-01-14T06:45:00.000Z",0
"2020-01-14T07:00:00.000Z",0
"2020-01-14T07:15:00.000Z",0
"2020-01-14T07:30:00.000Z",4.8255
"2020-01-14T07:45:00.000Z",19.7407
"2020-01-14T08:00:00.000Z",30.7078
"2020-01-14T08:15:00.000Z",46.5004
"2020-01-14T08:30:00.000Z",55.2741
"2020-01-14T08:45:00.000Z",123.7086
"2020-01-14T09:00:00.000Z",121.9539
"2020-01-14T09:15:00.000Z",161.4354
"2020-01-14T09:30:00.000Z",208.8131
"2020-01-14T09:45:00.000Z",382.9703
"2020-01-14T10:00:00.000Z",452.2822
"2020-01-14T10:15:00.000Z",411.9234
"2020-01-14T10:30:00.000Z",417.6263
"2020-01-14T10:45:00.000Z",412.3621
"2020-01-14T11:00:00.000Z",419.381
"2020-01-14T11:15:00.000Z",520.7168
"2020-01-14T11:30:00.000Z",472.023
"2020-01-14T11:45:00.000Z",502.7308
"2020-01-14T12:00:00.000Z",495.7119
"2020-01-14T12:15:00.000Z",484.3061
"2020-01-14T12:30:00.000Z",203.1103
"2020-01-14T12:45:00.000Z",160.558
"2020-01-14T13:00:00.000Z",136.4304
"2020-01-14T13:15:00.000Z",246.5399
"2020-01-14T13:30:00.000Z",480.358
"2020-01-14T13:45:00.000Z",455.7917
"2020-01-14T14:00:00.000Z",405.3432
"2020-01-14T14:15:00.000Z",405.7818
"2020-01-14T14:30:00.000Z",364.107
"2020-01-14T14:45:00.000Z",329.0123
"2020-01-14T15:00:00.000Z",59.6609
"2020-01-14T15:15:00.000Z",253.9975
"2020-01-14T15:30:00.000Z",212.7613
"2020-01-14T15:45:00.000Z",160.1193
"2020-01-14T16:00:00.000Z",118.8831
"2020-01-14T16:15:00.000Z",78.963
"2020-01-14T16:30:00.000Z",49.1325
"2020-01-14T16:45:00.000Z",25.8823
"2020-01-14T17:00:00.000Z",4.8255
"2020-01-14T17:15:00.000Z",0
"2020-01-14T17:30:00.000Z",0
"2020-01-14T17:45:00.000Z",0
"2020-01-14T18:00:00.000Z",0
"2020-01-14T18:15:00.000Z",0
"2020-01-14T18:30:00.000Z",0
"2020-01-14T18:45:00.000Z",0
"2020-01-14T19:00:00.000Z",0
"2020-01-14T19:15:00.000Z",0
"2020-01-14T19:30:00.000Z",0
"2020-01-14T19:45:00.000Z",0
"2020-01-14T20:00:00.000Z",0
"2020-01-14T20:15:00.000Z",0
"2020-01-14T20:30:00.000Z",0
"2020-01-14T20:45:00.000Z",0
"2020-01-14T21:00:00.000Z",0
"2020-01-14T21:15:00.000Z",0
"2020-01-14T21:30:00.000Z",0
"2020-01-14T21:45:00.000Z",0
"2020-01-14T22:00:00.000Z",0
"2020-01-14T22:15:00.000Z",0
"2020-01-14T22:30:00.000Z",0
"2020-01-14T22:45:00.000Z",0
"2020-01-14T23:00:00.000Z",0
"2020-01-14T23:15:00.000Z",0
"2020-01-14T23:30:00.000Z",0
"2020-01-14T23:45:00.000Z",0
"2020-01-15T00:00:00.000Z",0
"2020-01-15T00:15:00.000Z",0
"2020-01-15T00:30:00.000Z",0
"2020-01-15T00:45:00.000Z",0
"2020-01-15T01:00:00.000Z",0
"2020-01-15T01:15:00.000Z",0
"2020-01-15T01:30:00.000Z",0
"2020-01-15T01:45:00.000Z",0
"2020-01-15T02:00:00.000Z",0
"2020-01-15T02:15:00.000Z",0
"2020-01-15T02:30:00.000Z",0
"2020-01-15T02:45:00.000Z",0
"2020-01-15T03:00:00.000Z",0
"2020-01-15T03:15:00.000Z",0
"2020-01-15T03:30:00.000Z",0
"2020-01-15T03:45:00.000Z",0
"2020-01-15T04:00:00.000Z",0
"2020-01-15T04:15:00.000Z",0
"2020-01-15T04:30:00.000Z",0
"2020-01-15T04:45:00.000Z",0
"2020-01-15T05:00:00.000Z",0
"2020-01-15T05:15:00.000Z",0
"2020-01-15T05:30:00.000Z",0
"2020-01-15T05:45:00.000Z",0
"2020-01-15T06:00:00.000Z",0
"2020-01-15T06:15:00.000Z",0
"2020-01-15T06:30:00.000Z",0
"2020-01-15T06:45:00.000Z",0
"2020-01-15T07:00:00.000Z",13.5992
"2020-01-15T07:15:00.000Z",7.0189
"2020-01-15T07:30:00.000Z",21.4955
"2020-01-15T07:45:00.000Z",40.3588
"2020-01-15T08:00:00.000Z",68.8732
"2020-01-15T08:15:00.000Z",98.7037
"2020-01-15T08:30:00.000Z",121.9539
"2020-01-15T08:45:00.000Z",140.8173
"2020-01-15T09:00:00.000Z",197.4074
"2020-01-15T09:15:00.000Z",271.9835
"2020-01-15T09:30:00.000Z",296.9884
"2020-01-15T09:45:00.000Z",350.9465
"2020-01-15T10:00:00.000Z",339.102
"2020-01-15T10:15:00.000Z",329.8897
"2020-01-15T10:30:00.000Z",366.3004
"2020-01-15T10:45:00.000Z",367.6164
"2020-01-15T11:00:00.000Z",404.9045
"2020-01-15T11:15:00.000Z",472.4617
"2020-01-15T11:30:00.000Z",442.6312
"2020-01-15T11:45:00.000Z",463.688
"2020-01-15T12:00:00.000Z",481.2353
"2020-01-15T12:15:00.000Z",511.5045
"2020-01-15T12:30:00.000Z",507.995
"2020-01-15T12:45:00.000Z",497.9053
"2020-01-15T13:00:00.000Z",492.6411
"2020-01-15T13:15:00.000Z",457.9851
"2020-01-15T13:30:00.000Z",397.0082
"2020-01-15T13:45:00.000Z",412.8008
"2020-01-15T14:00:00.000Z",366.739
"2020-01-15T14:15:00.000Z",311.465
"2020-01-15T14:30:00.000Z",308.8329
"2020-01-15T14:45:00.000Z",257.9456
"2020-01-15T15:00:00.000Z",178.544
"2020-01-15T15:15:00.000Z",179.4214
"2020-01-15T15:30:00.000Z",143.0107
"2020-01-15T15:45:00.000Z",126.3407
"2020-01-15T16:00:00.000Z",92.5621
"2020-01-15T16:15:00.000Z",66.2411
"2020-01-15T16:30:00.000Z",26.7597
"2020-01-15T16:45:00.000Z",11.8444
"2020-01-15T17:00:00.000Z",13.5992
"2020-01-15T17:15:00.000Z",0
"2020-01-15T17:30:00.000Z",0
"2020-01-15T17:45:00.000Z",0
"2020-01-15T18:00:00.000Z",0
"2020-01-15T18:15:00.000Z",0
"2020-01-15T18:30:00.000Z",0
"2020-01-15T18:45:00.000Z",0
"2020-01-15T19:00:00.000Z",0
"2020-01-15T19:15:00.000Z",0
"2020-01-15T19:30:00.000Z",0
"2020-01-15T19:45:00.000Z",0
"2020-01-15T20:00:00.000Z",0
"2020-01-15T20:15:00.000Z",0
"2020-01-15T20:30:00.000Z",0
"2020-01-15T20:45:00.000Z",0
"2020-01-15T21:00:00.000Z",0
"2020-01-15T21:15:00.000Z",0
"2020-01-15T21:30:00.000Z",0
"2020-01-15T21:45:00.000Z",0
"2020-01-15T22:00:00.000Z",0
"2020-01-15T22:15:00.000Z",0
"2020-01-15T22:30:00.000Z",0
"2020-01-15T22:45:00.000Z",0
"2020-01-15T23:00:00.000Z",0
"2020-01-15T23:15:00.000Z",0
"2020-01-15T23:30:00.000Z",0
"2020-01-15T23:45:00.000Z",0
"2020-01-16T00:00:00.000Z",0
"2020-01-16T00:15:00.000Z",0
"2020-01-16T00:30:00.000Z",0
"2020-01-16T00:45:00.000Z",0
"2020-01-16T01:00:00.000Z",0
"2020-01-16T01:15:00.000Z",0
"2020-01-16T01:30:00.000Z",0
"2020-01-16T01:45:00.000Z",0
"2020-01-16T02:00:00.000Z",0
"2020-01-16T02:15:00.000Z",0
"2020-01-16T02:30:00.000Z",0
"2020-01-16T02:45:00.000Z",0
"2020-01-16T03:00:00.000Z",0
"2020-01-16T03:15:00.000Z",0
"2020-01-16T03:30:00.000Z",0
"2020-01-16T03:45:00.000Z",0
"2020-01-16T04:00:00.000Z",0
"2020-01-16T04:15:00.000Z",0
"2020-01-16T04:30:00.000Z",0
"2020-01-16T04:45:00.000Z",0
"2020-01-16T05:00:00.000Z",0
"2020-01-16T05:15:00.000Z",0
"2020-01-16T05:30:00.000Z",0
"2020-01-16T05:45:00.000Z",0
"2020-01-16T06:00:00.000Z",0
"2020-01-16T06:15:00.000Z",0
"2020-01-16T06:30:00.000Z",0
"2020-01-16T06:45:00.000Z",0
"2020-01-16T07:00:00.000Z",0
"2020-01-16T07:15:00.000Z",4.8255
"2020-01-16T07:30:00.000Z",10.0897
"2020-01-16T07:45:00.000Z",27.1984
"2020-01-16T08:00:00.000Z",45.1844
"2020-01-16T08:15:00.000Z",65.3638
"2020-01-16T08:30:00.000Z",104.4066
"2020-01-16T08:45:00.000Z",143.888
"2020-01-16T09:00:00.000Z",194.3366
"2020-01-16T09:15:00.000Z",301.3753
"2020-01-16T09:30:00.000Z",270.2288
"2020-01-16T09:45:00.000Z",125.4634
"2020-01-16T10:00:00.000Z",348.753
"2020-01-16T10:15:00.000Z",372.0032
"2020-01-16T10:30:00.000Z",513.6979
"2020-01-16T10:45:00.000Z",438.6831
"2020-01-16T11:00:00.000Z",444.8246
"2020-01-16T11:15:00.000Z",472.9004
"2020-01-16T11:30:00.000Z",266.7193
"2020-01-16T11:45:00.000Z",586.5193
"2020-01-16T12:00:00.000Z",528.6131
"2020-01-16T12:15:00.000Z",575.5522
"2020-01-16T12:30:00.000Z",28.0757
"2020-01-16T12:45:00.000Z",83.3498
"2020-01-16T13:00:00.000Z",31.5852
"2020-01-16T13:15:00.000Z",20.6181
"2020-01-16T13:30:00.000Z",50.4486
"2020-01-16T13:45:00.000Z",90.3687
"2020-01-16T14:00:00.000Z",36.8494
"2020-01-16T14:15:00.000Z",22.8115
"2020-01-16T14:30:00.000Z",16.67
"2020-01-16T14:45:00.000Z",14.4765
"2020-01-16T15:00:00.000Z",17.5473
"2020-01-16T15:15:00.000Z",19.3021
"2020-01-16T15:30:00.000Z",12.2831
"2020-01-16T15:45:00.000Z",34.656
"2020-01-16T16:00:00.000Z",143.0107
"2020-01-16T16:15:00.000Z",84.2272
"2020-01-16T16:30:00.000Z",44.307
"2020-01-16T16:45:00.000Z",23.6889
"2020-01-16T17:00:00.000Z",3.5095
"2020-01-16T17:15:00.000Z",0
"2020-01-16T17:30:00.000Z",0
"2020-01-16T17:45:00.000Z",0
"2020-01-16T18:00:00.000Z",0
"2020-01-16T18:15:00.000Z",0
"2020-01-16T18:30:00.000Z",0
"2020-01-16T18:45:00.000Z",0
"2020-01-16T19:00:00.000Z",0
"2020-01-16T19:15:00.000Z",0
"2020-01-16T19:30:00.000Z",0
"2020-01-16T19:45:00.000Z",0
"2020-01-16T20:00:00.000Z",0
"2020-01-16T20:15:00.000Z",0
"2020-01-16T20:30:00.000Z",0
"2020-01-16T20:45:00.000Z",0
"2020-01-16T21:00:00.000Z",0
"2020-01-16T21:15:00.000Z",0
"2020-01-16T21:30:00.000Z",0
"2020-01-16T21:45:00.000Z",0
"2020-01-16T22:00:00.000Z",0
"2020-01-16T22:15:00.000Z",0
"2020-01-16T22:30:00.000Z",0
"2020-01-16T22:45:00.000Z",0
"2020-01-16T23:00:00.000Z",0
"2020-01-16T23:15:00.000Z",0
"2020-01-16T23:30:00.000Z",0
"2020-01-16T23:45:00.000Z",0
"2020-01-17T00:00:00.000Z",0
"2020-01-17T00:15:00.000Z",0
"2020-01-17T00:30:00.000Z",0
"2020-01-17T00:45:00.000Z",0
"2020-01-17T01:00:00.000Z",0
"2020-01-17T01:15:00.000Z",0
"2020-01-17T01:30:00.000Z",0
"2020-01-17T01:45:00.000Z",0
"2020-01-17T02:00:00.000Z",0
"2020-01-17T02:15:00.000Z",0
"2020-01-17T02:30:00.000Z",0
"2020-01-17T02:45:00.000Z",0
"2020-01-17T03:00:00.000Z",0
"2020-01-17T03:15:00.000Z",0
"2020-01-17T03:30:00.000Z",0
"2020-01-17T03:45:00.000Z",0
"2020-01-17T04:00:00.000Z",0
"2020-01-17T04:15:00.000Z",0
"2020-01-17T04:30:00.000Z",0
"2020-01-17T04:45:00.000Z",0
"2020-01-17T05:00:00.000Z",0
"2020-01-17T05:15:00.000Z",0
"2020-01-17T05:30:00.000Z",0
"2020-01-17T05:45:00.000Z",0
"2020-01-17T06:00:00.000Z",0
"2020-01-17T06:15:00.000Z",0
"2020-01-17T06:30:00.000Z",0
"2020-01-17T06:45:00.000Z",0
"2020-01-17T07:00:00.000Z",0
"2020-01-17T07:15:00.000Z",0
"2020-01-17T07:30:00.000Z",2.6321
"2020-01-17T07:45:00.000Z",14.0379
"2020-01-17T08:00:00.000Z",24.1276
"2020-01-17T08:15:00.000Z",30.7078
"2020-01-17T08:30:00.000Z",37.2881
"2020-01-17T08:45:00.000Z",67.5572
"2020-01-17T09:00:00.000Z",113.6189
"2020-01-17T09:15:00.000Z",90.8074
"2020-01-17T09:30:00.000Z",127.2181
"2020-01-17T09:45:00.000Z",101.3358
"2020-01-17T10:00:00.000Z",125.0247
"2020-01-17T10:15:00.000Z",88.1753
"2020-01-17T10:30:00.000Z",116.6897
"2020-01-17T10:45:00.000Z",150.4683
"2020-01-17T11:00:00.000Z",160.558
"2020-01-17T11:15:00.000Z",203.1103
"2020-01-17T11:30:00.000Z",193.0206
"2020-01-17T11:45:00.000Z",239.0823
"2020-01-17T12:00:00.000Z",198.7234
"2020-01-17T12:15:00.000Z",243.9078
"2020-01-17T12:30:00.000Z",226.3605
"2020-01-17T12:45:00.000Z",236.8889
"2020-01-17T13:00:00.000Z",181.1761
"2020-01-17T13:15:00.000Z",209.6905
"2020-01-17T13:30:00.000Z",149.1522
"2020-01-17T13:45:00.000Z",231.6247
"2020-01-17T14:00:00.000Z",186.0016
"2020-01-17T14:15:00.000Z",257.9456
"2020-01-17T14:30:00.000Z",339.5407
"2020-01-17T14:45:00.000Z",252.6815
"2020-01-17T15:00:00.000Z",197.4074
"2020-01-17T15:15:00.000Z",175.0345
"2020-01-17T15:30:00.000Z",191.7045
"2020-01-17T15:45:00.000Z",160.558
"2020-01-17T16:00:00.000Z",139.5012
"2020-01-17T16:15:00.000Z",104.8453
"2020-01-17T16:30:00.000Z",66.2411
"2020-01-17T16:45:00.000Z",34.656
"2020-01-17T17:00:00.000Z",18.4247
"2020-01-17T17:15:00.000Z",8.335
"2020-01-17T17:30:00.000Z",0
"2020-01-17T17:45:00.000Z",0
"2020-01-17T18:00:00.000Z",0
"2020-01-17T18:15:00.000Z",0
"2020-01-17T18:30:00.000Z",0
"2020-01-17T18:45:00.000Z",0
"2020-01-17T19:00:00.000Z",0
"2020-01-17T19:15:00.000Z",0
"2020-01-17T19:30:00.000Z",0
"2020-01-17T19:45:00.000Z",0
"2020-01-17T20:00:00.000Z",0
"2020-01-17T20:15:00.000Z",0
"2020-01-17T20:30:00.000Z",0
"2020-01-17T20:45:00.000Z",0
"2020-01-17T21:00:00.000Z",0
"2020-01-17T21:15:00.000Z",0
"2020-01-17T21:30:00.000Z",0
"2020-01-17T21:45:00.000Z",0
"2020-01-17T22:00:00.000Z",0
"2020-01-17T22:15:00.000Z",0
"2020-01-17T22:30:00.000Z",0
"2020-01-17T22:45:00.000Z",0
"2020-01-17T23:00:00.000Z",0
"2020-01-17T23:15:00.000Z",0
"2020-01-17T23:30:00.000Z",0
"2020-01-17T23:45:00.000Z",0
"2020-01-18T00:00:00.000Z",0
"2020-01-18T00:15:00.000Z",0
"2020-01-18T00:30:00.000Z",0
"2020-01-18T00:45:00.000Z",0
"2020-01-18T01:00:00.000Z",0
"2020-01-18T01:15:00.000Z",0
"2020-01-18T01:30:00.000Z",0
"2020-01-18T01:45:00.000Z",0
"2020-01-18T02:00:00.000Z",0
"2020-01-18T02:15:00.000Z",0
"2020-01-18T02:30:00.000Z",0
"2020-01-18T02:45:00.000Z",0
"2020-01-18T03:00:00.000Z",0
"2020-01-18T03:15:00.000Z",0
"2020-01-18T03:30:00.000Z",0
"2020-01-18T03:45:00.000Z",0
"2020-01-18T04:00:00.000Z",0
"2020-01-18T04:15:00.000Z",0
"2020-01-18T04:30:00.000Z",0
"2020-01-18T04:45:00.000Z",0
"2020-01-18T05:00:00.000Z",0
"2020-01-18T05:15:00.000Z",0
"2020-01-18T05:30:00.000Z",0
"2020-01-18T05:45:00.000Z",0
"2020-01-18T06:00:00.000Z",0
"2020-01-18T06:15:00.000Z",0
"2020-01-18T06:30:00.000Z",0
"2020-01-18T06:45:00.000Z",0
"2020-01-18T07:00:00.000Z",0
"2020-01-18T07:15:00.000Z",1.7547
"2020-01-18T07:30:00.000Z",2.6321
"2020-01-18T07:45:00.000Z",31.5852
"2020-01-18T08:00:00.000Z",30.2691
"2020-01-18T08:15:00.000Z",35.972
"2020-01-18T08:30:00.000Z",45.623
"2020-01-18T08:45:00.000Z",40.7975
"2020-01-18T09:00:00.000Z",31.1465
"2020-01-18T09:15:00.000Z",57.9062
"2020-01-18T09:30:00.000Z",32.9012
"2020-01-18T09:45:00.000Z",63.609
"2020-01-18T10:00:00.000Z",51.3259
"2020-01-18T10:15:00.000Z",79.8403
"2020-01-18T10:30:00.000Z",85.5432
"2020-01-18T10:45:00.000Z",83.7885
"2020-01-18T11:00:00.000Z",97.3876
"2020-01-18T11:15:00.000Z",298.3045
"2020-01-18T11:30:00.000Z",184.6856
"2020-01-18T11:45:00.000Z",183.3695
"2020-01-18T12:00:00.000Z",160.9967
"2020-01-18T12:15:00.000Z",165.3835
"2020-01-18T12:30:00.000Z",117.5671
"2020-01-18T12:45:00.000Z",167.5769
"2020-01-18T13:00:00.000Z",135.1144
"2020-01-18T13:15:00.000Z",101.3358
"2020-01-18T13:30:00.000Z",109.2321
"2020-01-18T13:45:00.000Z",114.4963
"2020-01-18T14:00:00.000Z",110.1095
"2020-01-18T14:15:00.000Z",108.7934
"2020-01-18T14:30:00.000Z",72.8214
"2020-01-18T14:45:00.000Z",67.5572
"2020-01-18T15:00:00.000Z",113.6189
"2020-01-18T15:15:00.000Z",44.307
"2020-01-18T15:30:00.000Z",65.8025
"2020-01-18T15:45:00.000Z",42.5523
"2020-01-18T16:00:00.000Z",50.8872
"2020-01-18T16:15:00.000Z",33.7786
"2020-01-18T16:30:00.000Z",21.9342
"2020-01-18T16:45:00.000Z",18.4247
"2020-01-18T17:00:00.000Z",7.4576
"2020-01-18T17:15:00.000Z",10.5284
"2020-01-18T17:30:00.000Z",0
"2020-01-18T17:45:00.000Z",0
"2020-01-18T18:00:00.000Z",0
"2020-01-18T18:15:00.000Z",0
"2020-01-18T18:30:00.000Z",0
"2020-01-18T18:45:00.000Z",0
"2020-01-18T19:00:00.000Z",0
"2020-01-18T19:15:00.000Z",0
"2020-01-18T19:30:00.000Z",0
"2020-01-18T19:45:00.000Z",0
"2020-01-18T20:00:00.000Z",0
"2020-01-18T20:15:00.000Z",0
"2020-01-18T20:30:00.000Z",0
"2020-01-18T20:45:00.000Z",0
"2020-01-18T21:00:00.000Z",0
"2020-01-18T21:15:00.000Z",0
"2020-01-18T21:30:00.000Z",0
"2020-01-18T21:45:00.000Z",0
"2020-01-18T22:00:00.000Z",0
"2020-01-18T22:15:00.000Z",0
"2020-01-18T22:30:00.000Z",0
"2020-01-18T22:45:00.000Z",0
"2020-01-18T23:00:00.000Z",0
"2020-01-18T23:15:00.000Z",0
"2020-01-18T23:30:00.000Z",0
"2020-01-18T23:45:00.000Z",0
"2020-01-19T00:00:00.000Z",0
"2020-01-19T00:15:00.000Z",0
"2020-01-19T00:30:00.000Z",0
"2020-01-19T00:45:00.000Z",0
"2020-01-19T01:00:00.000Z",0
"2020-01-19T01:15:00.000Z",0
"2020-01-19T01:30:00.000Z",0
"2020-01-19T01:45:00.000Z",0
"2020-01-19T02:00:00.000Z",0
"2020-01-19T02:15:00.000Z",0
"2020-01-19T02:30:00.000Z",0
"2020-01-19T02:45:00.000Z",0
"2020-01-19T03:00:00.000Z",0
"2020-01-19T03:15:00.000Z",0
"2020-01-19T03:30:00.000Z",0
"2020-01-19T03:45:00.000Z",0
"2020-01-19T04:00:00.000Z",0
"2020-01-19T04:15:00.000Z",0
"2020-01-19T04:30:00.000Z",0
"2020-01-19T04:45:00.000Z",0
"2020-01-19T05:00:00.000Z",0
"2020-01-19T05:15:00.000Z",0
"2020-01-19T05:30:00.000Z",0
"2020-01-19T05:45:00.000Z",0
"2020-01-19T06:00:00.000Z",0
"2020-01-19T06:15:00.000Z",0
"2020-01-19T06:30:00.000Z",0
"2020-01-19T06:45:00.000Z",0
"2020-01-19T07:00:00.000Z",0
"2020-01-19T07:15:00.000Z",8.335
"2020-01-19T07:30:00.000Z",2.1934
"2020-01-19T07:45:00.000Z",10.5284
"2020-01-19T08:00:00.000Z",22.8115
"2020-01-19T08:15:00.000Z",25.0049
"2020-01-19T08:30:00.000Z",32.4625
"2020-01-19T08:45:00.000Z",31.1465
"2020-01-19T09:00:00.000Z",41.6749
"2020-01-19T09:15:00.000Z",44.7457
"2020-01-19T09:30:00.000Z",50.4486
"2020-01-19T09:45:00.000Z",63.609
"2020-01-19T10:00:00.000Z",59.2222
"2020-01-19T10:15:00.000Z",72.3827
"2020-01-19T10:30:00.000Z",138.6239
"2020-01-19T10:45:00.000Z",93.8782
"2020-01-19T11:00:00.000Z",63.609
"2020-01-19T11:15:00.000Z",117.1284
"2020-01-19T11:30:00.000Z",103.9679
"2020-01-19T11:45:00.000Z",82.0337
"2020-01-19T12:00:00.000Z",89.93
"2020-01-19T12:15:00.000Z",125.0247
"2020-01-19T12:30:00.000Z",103.9679
"2020-01-19T12:45:00.000Z",157.9259
"2020-01-19T13:00:00.000Z",117.1284
"2020-01-19T13:15:00.000Z",91.6848
"2020-01-19T13:30:00.000Z",171.5251
"2020-01-19T13:45:00.000Z",86.4206
"2020-01-19T14:00:00.000Z",113.6189
"2020-01-19T14:15:00.000Z",80.279
"2020-01-19T14:30:00.000Z",90.3687
"2020-01-19T14:45:00.000Z",71.944
"2020-01-19T15:00:00.000Z",53.0807
"2020-01-19T15:15:00.000Z",54.3967
"2020-01-19T15:30:00.000Z",71.944
"2020-01-19T15:45:00.000Z",53.0807
"2020-01-19T16:00:00.000Z",30.2691
"2020-01-19T16:15:00.000Z",21.4955
"2020-01-19T16:30:00.000Z",19.3021
"2020-01-19T16:45:00.000Z",14.4765
"2020-01-19T17:00:00.000Z",2.6321
"2020-01-19T17:15:00.000Z",0
"2020-01-19T17:30:00.000Z",0
"2020-01-19T17:45:00.000Z",0
"2020-01-19T18:00:00.000Z",0
"2020-01-19T18:15:00.000Z",0
"2020-01-19T18:30:00.000Z",0
"2020-01-19T18:45:00.000Z",0
"2020-01-19T19:00:00.000Z",0
"2020-01-19T19:15:00.000Z",0
"2020-01-19T19:30:00.000Z",0
"2020-01-19T19:45:00.000Z",0
"2020-01-19T20:00:00.000Z",0
"2020-01-19T20:15:00.000Z",0
"2020-01-19T20:30:00.000Z",0
"2020-01-19T20:45:00.000Z",0
"2020-01-19T21:00:00.000Z",0
"2020-01-19T21:15:00.000Z",0
"2020-01-19T21:30:00.000Z",0
"2020-01-19T21:45:00.000Z",0
"2020-01-19T22:00:00.000Z",0
"2020-01-19T22:15:00.000Z",0
"2020-01-19T22:30:00.000Z",0
"2020-01-19T22:45:00.000Z",0
"2020-01-19T23:00:00.000Z",0
"2020-01-19T23:15:00.000Z",0
"2020-01-19T23:30:00.000Z",0
"2020-01-19T23:45:00.000Z",0
"2020-01-20T00:00:00.000Z",0
"2020-01-20T00:15:00.000Z",0
"2020-01-20T00:30:00.000Z",0
"2020-01-20T00:45:00.000Z",0
"2020-01-20T01:00:00.000Z",0
"2020-01-20T01:15:00.000Z",0
"2020-01-20T01:30:00.000Z",0
"2020-01-20T01:45:00.000Z",0
"2020-01-20T02:00:00.000Z",0
"2020-01-20T02:15:00.000Z",0
"2020-01-20T02:30:00.000Z",0
"2020-01-20T02:45:00.000Z",0
"2020-01-20T03:00:00.000Z",0
"2020-01-20T03:15:00.000Z",0
"2020-01-20T03:30:00.000Z",0
"2020-01-20T03:45:00.000Z",0
"2020-01-20T04:00:00.000Z",0
"2020-01-20T04:15:00.000Z",0
"2020-01-20T04:30:00.000Z",0
"2020-01-20T04:45:00.000Z",0
"2020-01-20T05:00:00.000Z",0
"2020-01-20T05:15:00.000Z",0
"2020-01-20T05:30:00.000Z",0
"2020-01-20T05:45:00.000Z",0
"2020-01-20T06:00:00.000Z",0
"2020-01-20T06:15:00.000Z",0
"2020-01-20T06:30:00.000Z",0
"2020-01-20T06:45:00.000Z",0
"2020-01-20T07:00:00.000Z",0
"2020-01-20T07:15:00.000Z",0
"2020-01-20T07:30:00.000Z",10.0897
"2020-01-20T07:45:00.000Z",5.2642
"2020-01-20T08:00:00.000Z",5.2642
"2020-01-20T08:15:00.000Z",21.9342
"2020-01-20T08:30:00.000Z",27.637
"2020-01-20T08:45:00.000Z",32.9012
"2020-01-20T09:00:00.000Z",35.5333
"2020-01-20T09:15:00.000Z",41.6749
"2020-01-20T09:30:00.000Z",66.2411
"2020-01-20T09:45:00.000Z",91.6848
"2020-01-20T10:00:00.000Z",115.3736
"2020-01-20T10:15:00.000Z",94.3169
"2020-01-20T10:30:00.000Z",86.4206
"2020-01-20T10:45:00.000Z",127.2181
"2020-01-20T11:00:00.000Z",115.8123
"2020-01-20T11:15:00.000Z",90.3687
"2020-01-20T11:30:00.000Z",133.3597
"2020-01-20T11:45:00.000Z",160.558
"2020-01-20T12:00:00.000Z",117.1284
"2020-01-20T12:15:00.000Z",108.3547
"2020-01-20T12:30:00.000Z",236.8889
"2020-01-20T12:45:00.000Z",193.0206
"2020-01-20T13:00:00.000Z",199.6008
"2020-01-20T13:15:00.000Z",164.9448
"2020-01-20T13:30:00.000Z",122.8313
"2020-01-20T13:45:00.000Z",120.6378
"2020-01-20T14:00:00.000Z",111.8642
"2020-01-20T14:15:00.000Z",82.9111
"2020-01-20T14:30:00.000Z",89.93
"2020-01-20T14:45:00.000Z",71.0667
"2020-01-20T15:00:00.000Z",57.9062
"2020-01-20T15:15:00.000Z",55.7128
"2020-01-20T15:30:00.000Z",30.2691
"2020-01-20T15:45:00.000Z",29.8304
"2020-01-20T16:00:00.000Z",33.3399
"2020-01-20T16:15:00.000Z",47.8165
"2020-01-20T16:30:00.000Z",30.2691
"2020-01-20T16:45:00.000Z",13.5992
"2020-01-20T17:00:00.000Z",4.3868
"2020-01-20T17:15:00.000Z",0
"2020-01-20T17:30:00.000Z",0
"2020-01-20T17:45:00.000Z",0
"2020-01-20T18:00:00.000Z",0
"2020-01-20T18:15:00.000Z",0
"2020-01-20T18:30:00.000Z",0
"2020-01-20T18:45:00.000Z",0
"2020-01-20T19:00:00.000Z",0
"2020-01-20T19:15:00.000Z",0
"2020-01-20T19:30:00.000Z",0
"2020-01-20T19:45:00.000Z",0
"2020-01-20T20:00:00.000Z",0
"2020-01-20T20:15:00.000Z",0
"2020-01-20T20:30:00.000Z",0
"2020-01-20T20:45:00.000Z",0
"2020-01-20T21:00:00.000Z",0
"2020-01-20T21:15:00.000Z",0
"2020-01-20T21:30:00.000Z",0
"2020-01-20T21:45:00.000Z",0
"2020-01-20T22:00:00.000Z",0
"2020-01-20T22:15:00.000Z",0
"2020-01-20T22:30:00.000Z",0
"2020-01-20T22:45:00.000Z",0
"2020-01-20T23:00:00.000Z",0
"2020-01-20T23:15:00.000Z",0
"2020-01-20T23:30:00.000Z",0
"2020-01-20T23:45:00.000Z",0
"2020-01-21T00:00:00.000Z",0
"2020-01-21T00:15:00.000Z",0
"2020-01-21T00:30:00.000Z",0
"2020-01-21T00:45:00.000Z",0
"2020-01-21T01:00:00.000Z",0
"2020-01-21T01:15:00.000Z",0
"2020-01-21T01:30:00.000Z",0
"2020-01-21T01:45:00.000Z",0
"2020-01-21T02:00:00.000Z",0
"2020-01-21T02:15:00.000Z",0
"2020-01-21T02:30:00.000Z",0
"2020-01-21T02:45:00.000Z",0
"2020-01-21T03:00:00.000Z",0
"2020-01-21T03:15:00.000Z",0
"2020-01-21T03:30:00.000Z",0
"2020-01-21T03:45:00.000Z",0
"2020-01-21T04:00:00.000Z",0
"2020-01-21T04:15:00.000Z",0
"2020-01-21T04:30:00.000Z",0
"2020-01-21T04:45:00.000Z",0
"2020-01-21T05:00:00.000Z",0
"2020-01-21T05:15:00.000Z",0
"2020-01-21T05:30:00.000Z",0
"2020-01-21T05:45:00.000Z",0
"2020-01-21T06:00:00.000Z",0
"2020-01-21T06:15:00.000Z",0
"2020-01-21T06:30:00.000Z",0
"2020-01-21T06:45:00.000Z",0
"2020-01-21T07:00:00.000Z",0
"2020-01-21T07:15:00.000Z",7.0189
"2020-01-21T07:30:00.000Z",2.1934
"2020-01-21T07:45:00.000Z",20.1794
"2020-01-21T08:00:00.000Z",37.7267
"2020-01-21T08:15:00.000Z",69.7506
"2020-01-21T08:30:00.000Z",55.2741
"2020-01-21T08:45:00.000Z",60.0996
"2020-01-21T09:00:00.000Z",221.0963
"2020-01-21T09:15:00.000Z",268.9127
"2020-01-21T09:30:00.000Z",317.6065
"2020-01-21T09:45:00.000Z",196.9687
"2020-01-21T10:00:00.000Z",356.2107
"2020-01-21T10:15:00.000Z",378.5835
"2020-01-21T10:30:00.000Z",411.046
"2020-01-21T10:45:00.000Z",237.7662
"2020-01-21T11:00:00.000Z",347.8757
"2020-01-21T11:15:00.000Z",505.8016
"2020-01-21T11:30:00.000Z",341.2954
"2020-01-21T11:45:00.000Z",603.1892
"2020-01-21T12:00:00.000Z",504.9242
"2020-01-21T12:15:00.000Z",210.1292
"2020-01-21T12:30:00.000Z",179.4214
"2020-01-21T12:45:00.000Z",242.1531
"2020-01-21T13:00:00.000Z",562.8304
"2020-01-21T13:15:00.000Z",413.2395
"2020-01-21T13:30:00.000Z",479.9193
"2020-01-21T13:45:00.000Z",479.4806
"2020-01-21T14:00:00.000Z",522.9102
"2020-01-21T14:15:00.000Z",249.172
"2020-01-21T14:30:00.000Z",198.2847
"2020-01-21T14:45:00.000Z",333.8378
"2020-01-21T15:00:00.000Z",274.6156
"2020-01-21T15:15:00.000Z",123.2699
"2020-01-21T15:30:00.000Z",83.7885
"2020-01-21T15:45:00.000Z",162.7514
"2020-01-21T16:00:00.000Z",84.6658
"2020-01-21T16:15:00.000Z",61.4156
"2020-01-21T16:30:00.000Z",52.2033
"2020-01-21T16:45:00.000Z",25.8823
"2020-01-21T17:00:00.000Z",13.1605
"2020-01-21T17:15:00.000Z",12.2831
"2020-01-21T17:30:00.000Z",0
"2020-01-21T17:45:00.000Z",0
"2020-01-21T18:00:00.000Z",0
"2020-01-21T18:15:00.000Z",0
"2020-01-21T18:30:00.000Z",0
"2020-01-21T18:45:00.000Z",0
"2020-01-21T19:00:00.000Z",0
"2020-01-21T19:15:00.000Z",0
"2020-01-21T19:30:00.000Z",0
"2020-01-21T19:45:00.000Z",0
"2020-01-21T20:00:00.000Z",0
"2020-01-21T20:15:00.000Z",0
"2020-01-21T20:30:00.000Z",0
"2020-01-21T20:45:00.000Z",0
"2020-01-21T21:00:00.000Z",0
"2020-01-21T21:15:00.000Z",0
"2020-01-21T21:30:00.000Z",0
"2020-01-21T21:45:00.000Z",0
"2020-01-21T22:00:00.000Z",0
"2020-01-21T22:15:00.000Z",0
"2020-01-21T22:30:00.000Z",0
"2020-01-21T22:45:00.000Z",0
"2020-01-21T23:00:00.000Z",0
"2020-01-21T23:15:00.000Z",0
"2020-01-21T23:30:00.000Z",0
"2020-01-21T23:45:00.000Z",0
"2020-01-22T00:00:00.000Z",0
"2020-01-22T00:15:00.000Z",0
"2020-01-22T00:30:00.000Z",0
"2020-01-22T00:45:00.000Z",0
"2020-01-22T01:00:00.000Z",0
"2020-01-22T01:15:00.000Z",0
"2020-01-22T01:30:00.000Z",0
"2020-01-22T01:45:00.000Z",0
"2020-01-22T02:00:00.000Z",0
"2020-01-22T02:15:00.000Z",0
"2020-01-22T02:30:00.000Z",0
"2020-01-22T02:45:00.000Z",0
"2020-01-22T03:00:00.000Z",0
"2020-01-22T03:15:00.000Z",0
"2020-01-22T03:30:00.000Z",0
"2020-01-22T03:45:00.000Z",0
"2020-01-22T04:00:00.000Z",0
"2020-01-22T04:15:00.000Z",0
"2020-01-22T04:30:00.000Z",0
"2020-01-22T04:45:00.000Z",0
"2020-01-22T05:00:00.000Z",0
"2020-01-22T05:15:00.000Z",0
"2020-01-22T05:30:00.000Z",0
"2020-01-22T05:45:00.000Z",0
"2020-01-22T06:00:00.000Z",0
"2020-01-22T06:15:00.000Z",0
"2020-01-22T06:30:00.000Z",0
"2020-01-22T06:45:00.000Z",0
"2020-01-22T07:00:00.000Z",0
"2020-01-22T07:15:00.000Z",0.4387
"2020-01-22T07:30:00.000Z",3.0708
"2020-01-22T07:45:00.000Z",18.8634
"2020-01-22T08:00:00.000Z",33.3399
"2020-01-22T08:15:00.000Z",60.5383
"2020-01-22T08:30:00.000Z",125.0247
"2020-01-22T08:45:00.000Z",94.7555
"2020-01-22T09:00:00.000Z",92.1234
"2020-01-22T09:15:00.000Z",189.9498
"2020-01-22T09:30:00.000Z",175.9119
"2020-01-22T09:45:00.000Z",144.7654
"2020-01-22T10:00:00.000Z",182.0535
"2020-01-22T10:15:00.000Z",402.2724
"2020-01-22T10:30:00.000Z",202.6716
"2020-01-22T10:45:00.000Z",198.7234
"2020-01-22T11:00:00.000Z",212.3226
"2020-01-22T11:15:00.000Z",252.2428
"2020-01-22T11:30:00.000Z",206.181
"2020-01-22T11:45:00.000Z",380.3382
"2020-01-22T12:00:00.000Z",325.9415
"2020-01-22T12:15:00.000Z",257.507
"2020-01-22T12:30:00.000Z",472.9004
"2020-01-22T12:45:00.000Z",314.0971
"2020-01-22T13:00:00.000Z",234.6954
"2020-01-22T13:15:00.000Z",214.0773
"2020-01-22T13:30:00.000Z",211.8839
"2020-01-22T13:45:00.000Z",189.9498
"2020-01-22T14:00:00.000Z",185.5629
"2020-01-22T14:15:00.000Z",238.6436
"2020-01-22T14:30:00.000Z",153.1004
"2020-01-22T14:45:00.000Z",186.4403
"2020-01-22T15:00:00.000Z",134.237
"2020-01-22T15:15:00.000Z",300.0592
"2020-01-22T15:30:00.000Z",262.7712
"2020-01-22T15:45:00.000Z",183.3695
"2020-01-22T16:00:00.000Z",144.7654
"2020-01-22T16:15:00.000Z",103.0905
"2020-01-22T16:30:00.000Z",65.3638
"2020-01-22T16:45:00.000Z",35.972
"2020-01-22T17:00:00.000Z",14.9152
"2020-01-22T17:15:00.000Z",4.8255
"2020-01-22T17:30:00.000Z",0
"2020-01-22T17:45:00.000Z",0
"2020-01-22T18:00:00.000Z",0
"2020-01-22T18:15:00.000Z",0
"2020-01-22T18:30:00.000Z",0
"2020-01-22T18:45:00.000Z",0
"2020-01-22T19:00:00.000Z",0
"2020-01-22T19:15:00.000Z",0
"2020-01-22T19:30:00.000Z",0
"2020-01-22T19:45:00.000Z",0
"2020-01-22T20:00:00.000Z",0
"2020-01-22T20:15:00.000Z",0
"2020-01-22T20:30:00.000Z",0
"2020-01-22T20:45:00.000Z",0
"2020-01-22T21:00:00.000Z",0
"2020-01-22T21:15:00.000Z",0
"2020-01-22T21:30:00.000Z",0
"2020-01-22T21:45:00.000Z",0
"2020-01-22T22:00:00.000Z",0
"2020-01-22T22:15:00.000Z",0
"2020-01-22T22:30:00.000Z",0
"2020-01-22T22:45:00.000Z",0
"2020-01-22T23:00:00.000Z",0
"2020-01-22T23:15:00.000Z",0
"2020-01-22T23:30:00.000Z",0
"2020-01-22T23:45:00.000Z",0
"2020-01-23T00:00:00.000Z",0
"2020-01-23T00:15:00.000Z",0
"2020-01-23T00:30:00.000Z",0
"2020-01-23T00:45:00.000Z",0
"2020-01-23T01:00:00.000Z",0
"2020-01-23T01:15:00.000Z",0
"2020-01-23T01:30:00.000Z",0
"2020-01-23T01:45:00.000Z",0
"2020-01-23T02:00:00.000Z",0
"2020-01-23T02:15:00.000Z",0
"2020-01-23T02:30:00.000Z",0
"2020-01-23T02:45:00.000Z",0
"2020-01-23T03:00:00.000Z",0
"2020-01-23T03:15:00.000Z",0
"2020-01-23T03:30:00.000Z",0
"2020-01-23T03:45:00.000Z",0
"2020-01-23T04:00:00.000Z",0
"2020-01-23T04:15:00.000Z",0
"2020-01-23T04:30:00.000Z",0
"2020-01-23T04:45:00.000Z",0
"2020-01-23T05:00:00.000Z",0
"2020-01-23T05:15:00.000Z",0
"2020-01-23T05:30:00.000Z",0
"2020-01-23T05:45:00.000Z",0
"2020-01-23T06:00:00.000Z",0
"2020-01-23T06:15:00.000Z",0
"2020-01-23T06:30:00.000Z",0
"2020-01-23T06:45:00.000Z",0
"2020-01-23T07:00:00.000Z",0
"2020-01-23T07:15:00.000Z",2.1934
"2020-01-23T07:30:00.000Z",14.4765
"2020-01-23T07:45:00.000Z",38.6041
"2020-01-23T08:00:00.000Z",48.6938
"2020-01-23T08:15:00.000Z",72.3827
"2020-01-23T08:30:00.000Z",40.3588
"2020-01-23T08:45:00.000Z",75.0148
"2020-01-23T09:00:00.000Z",75.0148
"2020-01-23T09:15:00.000Z",111.4255
"2020-01-23T09:30:00.000Z",93.8782
"2020-01-23T09:45:00.000Z",150.4683
"2020-01-23T10:00:00.000Z",217.5868
"2020-01-23T10:15:00.000Z",225.0444
"2020-01-23T10:30:00.000Z",192.5819
"2020-01-23T10:45:00.000Z",206.6197
"2020-01-23T11:00:00.000Z",233.3794
"2020-01-23T11:15:00.000Z",322.8707
"2020-01-23T11:30:00.000Z",284.7053
"2020-01-23T11:45:00.000Z",238.6436
"2020-01-23T12:00:00.000Z",265.8419
"2020-01-23T12:15:00.000Z",240.837
"2020-01-23T12:30:00.000Z",176.7893
"2020-01-23T12:45:00.000Z",178.544
"2020-01-23T13:00:00.000Z",187.7564
"2020-01-23T13:15:00.000Z",189.0724
"2020-01-23T13:30:00.000Z",196.0913
"2020-01-23T13:45:00.000Z",218.4642
"2020-01-23T14:00:00.000Z",194.3366
"2020-01-23T14:15:00.000Z",245.2238
"2020-01-23T14:30:00.000Z",338.2246
"2020-01-23T14:45:00.000Z",336.9086
"2020-01-23T15:00:00.000Z",294.3563
"2020-01-23T15:15:00.000Z",136.8691
"2020-01-23T15:30:00.000Z",282.5119
"2020-01-23T15:45:00.000Z",107.916
"2020-01-23T16:00:00.000Z",84.6658
"2020-01-23T16:15:00.000Z",55.2741
"2020-01-23T16:30:00.000Z",44.7457
"2020-01-23T16:45:00.000Z",31.1465
"2020-01-23T17:00:00.000Z",25.4436
"2020-01-23T17:15:00.000Z",4.3868
"2020-01-23T17:30:00.000Z",0
"2020-01-23T17:45:00.000Z",0
"2020-01-23T18:00:00.000Z",0
"2020-01-23T18:15:00.000Z",0
"2020-01-23T18:30:00.000Z",0
"2020-01-23T18:45:00.000Z",0
"2020-01-23T19:00:00.000Z",0
"2020-01-23T19:15:00.000Z",0
"2020-01-23T19:30:00.000Z",0
"2020-01-23T19:45:00.000Z",0
"2020-01-23T20:00:00.000Z",0
"2020-01-23T20:15:00.000Z",0
"2020-01-23T20:30:00.000Z",0
"2020-01-23T20:45:00.000Z",0
"2020-01-23T21:00:00.000Z",0
"2020-01-23T21:15:00.000Z",0
"2020-01-23T21:30:00.000Z",0
"2020-01-23T21:45:00.000Z",0
"2020-01-23T22:00:00.000Z",0
"2020-01-23T22:15:00.000Z",0
"2020-01-23T22:30:00.000Z",0
"2020-01-23T22:45:00.000Z",0
"2020-01-23T23:00:00.000Z",0
"2020-01-23T23:15:00.000Z",0
"2020-01-23T23:30:00.000Z",0
"2020-01-23T23:45:00.000Z",0
"2020-01-24T00:00:00.000Z",0
"2020-01-24T00:15:00.000Z",0
"2020-01-24T00:30:00.000Z",0
"2020-01-24T00:45:00.000Z",0
"2020-01-24T01:00:00.000Z",0
"2020-01-24T01:15:00.000Z",0
"2020-01-24T01:30:00.000Z",0
"2020-01-24T01:45:00.000Z",0
"2020-01-24T02:00:00.000Z",0
"2020-01-24T02:15:00.000Z",0
"2020-01-24T02:30:00.000Z",0
"2020-01-24T02:45:00.000Z",0
"2020-01-24T03:00:00.000Z",0
"2020-01-24T03:15:00.000Z",0
"2020-01-24T03:30:00.000Z",0
"2020-01-24T03:45:00.000Z",0
"2020-01-24T04:00:00.000Z",0
"2020-01-24T04:15:00.000Z",0
"2020-01-24T04:30:00.000Z",0
"2020-01-24T04:45:00.000Z",0
"2020-01-24T05:00:00.000Z",0
"2020-01-24T05:15:00.000Z",0
"2020-01-24T05:30:00.000Z",0
"2020-01-24T05:45:00.000Z",0
"2020-01-24T06:00:00.000Z",0
"2020-01-24T06:15:00.000Z",0
"2020-01-24T06:30:00.000Z",0
"2020-01-24T06:45:00.000Z",0
"2020-01-24T07:00:00.000Z",0
"2020-01-24T07:15:00.000Z",2.1934
"2020-01-24T07:30:00.000Z",21.0568
"2020-01-24T07:45:00.000Z",45.1844
"2020-01-24T08:00:00.000Z",59.2222
"2020-01-24T08:15:00.000Z",62.7317
"2020-01-24T08:30:00.000Z",110.9868
"2020-01-24T08:45:00.000Z",99.1424
"2020-01-24T09:00:00.000Z",110.9868
"2020-01-24T09:15:00.000Z",171.0864
"2020-01-24T09:30:00.000Z",177.6666
"2020-01-24T09:45:00.000Z",243.9078
"2020-01-24T10:00:00.000Z",354.8946
"2020-01-24T10:15:00.000Z",353.5786
"2020-01-24T10:30:00.000Z",365.423
"2020-01-24T10:45:00.000Z",463.2493
"2020-01-24T11:00:00.000Z",279.0024
"2020-01-24T11:15:00.000Z",446.5794
"2020-01-24T11:30:00.000Z",482.1127
"2020-01-24T11:45:00.000Z",504.4855
"2020-01-24T12:00:00.000Z",545.7217
"2020-01-24T12:15:00.000Z",490.009
"2020-01-24T12:30:00.000Z",532.1226
"2020-01-24T12:45:00.000Z",515.8913
"2020-01-24T13:00:00.000Z",465.4427
"2020-01-24T13:15:00.000Z",508.8724
"2020-01-24T13:30:00.000Z",443.0699
"2020-01-24T13:45:00.000Z",482.9901
"2020-01-24T14:00:00.000Z",427.716
"2020-01-24T14:15:00.000Z",431.6641
"2020-01-24T14:30:00.000Z",380.7769
"2020-01-24T14:45:00.000Z",274.6156
"2020-01-24T15:00:00.000Z",293.0403
"2020-01-24T15:15:00.000Z",286.0214
"2020-01-24T15:30:00.000Z",250.0494
"2020-01-24T15:45:00.000Z",202.6716
"2020-01-24T16:00:00.000Z",169.7703
"2020-01-24T16:15:00.000Z",127.2181
"2020-01-24T16:30:00.000Z",72.3827
"2020-01-24T16:45:00.000Z",59.6609
"2020-01-24T17:00:00.000Z",35.5333
"2020-01-24T17:15:00.000Z",6.5802
"2020-01-24T17:30:00.000Z",0
"2020-01-24T17:45:00.000Z",0
"2020-01-24T18:00:00.000Z",0
"2020-01-24T18:15:00.000Z",0
"2020-01-24T18:30:00.000Z",0
"2020-01-24T18:45:00.000Z",0
"2020-01-24T19:00:00.000Z",0
"2020-01-24T19:15:00.000Z",0
"2020-01-24T19:30:00.000Z",0
"2020-01-24T19:45:00.000Z",0
"2020-01-24T20:00:00.000Z",0
"2020-01-24T20:15:00.000Z",0
"2020-01-24T20:30:00.000Z",0
"2020-01-24T20:45:00.000Z",0
"2020-01-24T21:00:00.000Z",0
"2020-01-24T21:15:00.000Z",0
"2020-01-24T21:30:00.000Z",0
"2020-01-24T21:45:00.000Z",0
"2020-01-24T22:00:00.000Z",0
"2020-01-24T22:15:00.000Z",0
"2020-01-24T22:30:00.000Z",0
"2020-01-24T22:45:00.000Z",0
"2020-01-24T23:00:00.000Z",0
"2020-01-24T23:15:00.000Z",0
"2020-01-24T23:30:00.000Z",0
"2020-01-24T23:45:00.000Z",0
"2020-01-25T00:00:00.000Z",0
"2020-01-25T00:15:00.000Z",0
"2020-01-25T00:30:00.000Z",0
"2020-01-25T00:45:00.000Z",0
"2020-01-25T01:00:00.000Z",0
"2020-01-25T01:15:00.000Z",0
"2020-01-25T01:30:00.000Z",0
"2020-01-25T01:45:00.000Z",0
"2020-01-25T02:00:00.000Z",0
"2020-01-25T02:15:00.000Z",0
"2020-01-25T02:30:00.000Z",0
"2020-01-25T02:45:00.000Z",0
"2020-01-25T03:00:00.000Z",0
"2020-01-25T03:15:00.000Z",0
"2020-01-25T03:30:00.000Z",0
"2020-01-25T03:45:00.000Z",0
"2020-01-25T04:00:00.000Z",0
"2020-01-25T04:15:00.000Z",0
"2020-01-25T04:30:00.000Z",0
"2020-01-25T04:45:00.000Z",0
"2020-01-25T05:00:00.000Z",0
"2020-01-25T05:15:00.000Z",0
"2020-01-25T05:30:00.000Z",0
"2020-01-25T05:45:00.000Z",0
"2020-01-25T06:00:00.000Z",0
"2020-01-25T06:15:00.000Z",0
"2020-01-25T06:30:00.000Z",0
"2020-01-25T06:45:00.000Z",0
"2020-01-25T07:00:00.000Z",0
"2020-01-25T07:15:00.000Z",4.8255
"2020-01-25T07:30:00.000Z",7.4576
"2020-01-25T07:45:00.000Z",24.5663
"2020-01-25T08:00:00.000Z",21.9342
"2020-01-25T08:15:00.000Z",54.3967
"2020-01-25T08:30:00.000Z",42.5523
"2020-01-25T08:45:00.000Z",53.958
"2020-01-25T09:00:00.000Z",83.7885
"2020-01-25T09:15:00.000Z",144.7654
"2020-01-25T09:30:00.000Z",235.5728
"2020-01-25T09:45:00.000Z",107.916
"2020-01-25T10:00:00.000Z",151.7843
"2020-01-25T10:15:00.000Z",85.5432
"2020-01-25T10:30:00.000Z",92.1234
"2020-01-25T10:45:00.000Z",140.8173
"2020-01-25T11:00:00.000Z",166.2609
"2020-01-25T11:15:00.000Z",177.6666
"2020-01-25T11:30:00.000Z",158.8033
"2020-01-25T11:45:00.000Z",149.5909
"2020-01-25T12:00:00.000Z",186.0016
"2020-01-25T12:15:00.000Z",180.2987
"2020-01-25T12:30:00.000Z",207.0584
"2020-01-25T12:45:00.000Z",208.3745
"2020-01-25T13:00:00.000Z",214.9547
"2020-01-25T13:15:00.000Z",303.5687
"2020-01-25T13:30:00.000Z",187.7564
"2020-01-25T13:45:00.000Z",226.7991
"2020-01-25T14:00:00.000Z",266.7193
"2020-01-25T14:15:00.000Z",242.5917
"2020-01-25T14:30:00.000Z",390.8666
"2020-01-25T14:45:00.000Z",273.2996
"2020-01-25T15:00:00.000Z",305.3234
"2020-01-25T15:15:00.000Z",239.0823
"2020-01-25T15:30:00.000Z",145.2041
"2020-01-25T15:45:00.000Z",140.8173
"2020-01-25T16:00:00.000Z",122.3926
"2020-01-25T16:15:00.000Z",85.9819
"2020-01-25T16:30:00.000Z",63.609
"2020-01-25T16:45:00.000Z",61.4156
"2020-01-25T17:00:00.000Z",21.0568
"2020-01-25T17:15:00.000Z",9.2123
"2020-01-25T17:30:00.000Z",5.7029
"2020-01-25T17:45:00.000Z",0
"2020-01-25T18:00:00.000Z",0
"2020-01-25T18:15:00.000Z",0
"2020-01-25T18:30:00.000Z",0
"2020-01-25T18:45:00.000Z",0
"2020-01-25T19:00:00.000Z",0
"2020-01-25T19:15:00.000Z",0
"2020-01-25T19:30:00.000Z",0
"2020-01-25T19:45:00.000Z",0
"2020-01-25T20:00:00.000Z",0
"2020-01-25T20:15:00.000Z",0
"2020-01-25T20:30:00.000Z",0
"2020-01-25T20:45:00.000Z",0
"2020-01-25T21:00:00.000Z",0
"2020-01-25T21:15:00.000Z",0
"2020-01-25T21:30:00.000Z",0
"2020-01-25T21:45:00.000Z",0
"2020-01-25T22:00:00.000Z",0
"2020-01-25T22:15:00.000Z",0
"2020-01-25T22:30:00.000Z",0
"2020-01-25T22:45:00.000Z",0
"2020-01-25T23:00:00.000Z",0
"2020-01-25T23:15:00.000Z",0
"2020-01-25T23:30:00.000Z",0
"2020-01-25T23:45:00.000Z",0
"2020-01-26T00:00:00.000Z",0
"2020-01-26T00:15:00.000Z",0
"2020-01-26T00:30:00.000Z",0
"2020-01-26T00:45:00.000Z",0
"2020-01-26T01:00:00.000Z",0
"2020-01-26T01:15:00.000Z",0
"2020-01-26T01:30:00.000Z",0
"2020-01-26T01:45:00.000Z",0
"2020-01-26T02:00:00.000Z",0
"2020-01-26T02:15:00.000Z",0
"2020-01-26T02:30:00.000Z",0
"2020-01-26T02:45:00.000Z",0
"2020-01-26T03:00:00.000Z",0
"2020-01-26T03:15:00.000Z",0
"2020-01-26T03:30:00.000Z",0
"2020-01-26T03:45:00.000Z",0
"2020-01-26T04:00:00.000Z",0
"2020-01-26T04:15:00.000Z",0
"2020-01-26T04:30:00.000Z",0
"2020-01-26T04:45:00.000Z",0
"2020-01-26T05:00:00.000Z",0
"2020-01-26T05:15:00.000Z",0
"2020-01-26T05:30:00.000Z",0
"2020-01-26T05:45:00.000Z",0
"2020-01-26T06:00:00.000Z",0
"2020-01-26T06:15:00.000Z",0
"2020-01-26T06:30:00.000Z",0
"2020-01-26T06:45:00.000Z",0
"2020-01-26T07:00:00.000Z",0
"2020-01-26T07:15:00.000Z",0
"2020-01-26T07:30:00.000Z",13.1605
"2020-01-26T07:45:00.000Z",16.2313
"2020-01-26T08:00:00.000Z",21.0568
"2020-01-26T08:15:00.000Z",17.5473
"2020-01-26T08:30:00.000Z",32.4625
"2020-01-26T08:45:00.000Z",73.6988
"2020-01-26T09:00:00.000Z",35.5333
"2020-01-26T09:15:00.000Z",161.4354
"2020-01-26T09:30:00.000Z",137.7465
"2020-01-26T09:45:00.000Z",93.8782
"2020-01-26T10:00:00.000Z",101.7745
"2020-01-26T10:15:00.000Z",310.1489
"2020-01-26T10:30:00.000Z",335.1539
"2020-01-26T10:45:00.000Z",293.0403
"2020-01-26T11:00:00.000Z",249.6107
"2020-01-26T11:15:00.000Z",476.8485
"2020-01-26T11:30:00.000Z",481.674
"2020-01-26T11:45:00.000Z",522.0329
"2020-01-26T12:00:00.000Z",582.5711
"2020-01-26T12:15:00.000Z",532.1226
"2020-01-26T12:30:00.000Z",189.9498
"2020-01-26T12:45:00.000Z",519.8394
"2020-01-26T13:00:00.000Z",282.0732
"2020-01-26T13:15:00.000Z",647.9349
"2020-01-26T13:30:00.000Z",184.6856
"2020-01-26T13:45:00.000Z",118.8831
"2020-01-26T14:00:00.000Z",475.0938
"2020-01-26T14:15:00.000Z",431.2255
"2020-01-26T14:30:00.000Z",423.7678
"2020-01-26T14:45:00.000Z",387.7958
"2020-01-26T15:00:00.000Z",415.4329
"2020-01-26T15:15:00.000Z",309.2716
"2020-01-26T15:30:00.000Z",290.8469
"2020-01-26T15:45:00.000Z",241.2757
"2020-01-26T16:00:00.000Z",158.3646
"2020-01-26T16:15:00.000Z",33.7786
"2020-01-26T16:30:00.000Z",76.7695
"2020-01-26T16:45:00.000Z",37.2881
"2020-01-26T17:00:00.000Z",17.5473
"2020-01-26T17:15:00.000Z",5.2642
"2020-01-26T17:30:00.000Z",14.0379
"2020-01-26T17:45:00.000Z",0
"2020-01-26T18:00:00.000Z",0
"2020-01-26T18:15:00.000Z",0
"2020-01-26T18:30:00.000Z",0
"2020-01-26T18:45:00.000Z",0
"2020-01-26T19:00:00.000Z",0
"2020-01-26T19:15:00.000Z",0
"2020-01-26T19:30:00.000Z",0
"2020-01-26T19:45:00.000Z",0
"2020-01-26T20:00:00.000Z",0
"2020-01-26T20:15:00.000Z",0
"2020-01-26T20:30:00.000Z",0
"2020-01-26T20:45:00.000Z",0
"2020-01-26T21:00:00.000Z",0
"2020-01-26T21:15:00.000Z",0
"2020-01-26T21:30:00.000Z",0
"2020-01-26T21:45:00.000Z",0
"2020-01-26T22:00:00.000Z",0
"2020-01-26T22:15:00.000Z",0
"2020-01-26T22:30:00.000Z",0
"2020-01-26T22:45:00.000Z",0
"2020-01-26T23:00:00.000Z",0
"2020-01-26T23:15:00.000Z",0
"2020-01-26T23:30:00.000Z",0
"2020-01-26T23:45:00.000Z",0
"2020-01-27T00:00:00.000Z",0
"2020-01-27T00:15:00.000Z",0
"2020-01-27T00:30:00.000Z",0
"2020-01-27T00:45:00.000Z",0
"2020-01-27T01:00:00.000Z",0
"2020-01-27T01:15:00.000Z",0
"2020-01-27T01:30:00.000Z",0
"2020-01-27T01:45:00.000Z",0
"2020-01-27T02:00:00.000Z",0
"2020-01-27T02:15:00.000Z",0
"2020-01-27T02:30:00.000Z",0
"2020-01-27T02:45:00.000Z",0
"2020-01-27T03:00:00.000Z",0
"2020-01-27T03:15:00.000Z",0
"2020-01-27T03:30:00.000Z",0
"2020-01-27T03:45:00.000Z",0
"2020-01-27T04:00:00.000Z",0
"2020-01-27T04:15:00.000Z",0
"2020-01-27T04:30:00.000Z",0
"2020-01-27T04:45:00.000Z",0
"2020-01-27T05:00:00.000Z",0
"2020-01-27T05:15:00.000Z",0
"2020-01-27T05:30:00.000Z",0
"2020-01-27T05:45:00.000Z",0
"2020-01-27T06:00:00.000Z",0
"2020-01-27T06:15:00.000Z",0
"2020-01-27T06:30:00.000Z",0
"2020-01-27T06:45:00.000Z",0
"2020-01-27T07:00:00.000Z",0
"2020-01-27T07:15:00.000Z",2.6321
"2020-01-27T07:30:00.000Z",15.7926
"2020-01-27T07:45:00.000Z",21.9342
"2020-01-27T08:00:00.000Z",38.6041
"2020-01-27T08:15:00.000Z",71.5053
"2020-01-27T08:30:00.000Z",129.4115
"2020-01-27T08:45:00.000Z",178.544
"2020-01-27T09:00:00.000Z",231.6247
"2020-01-27T09:15:00.000Z",277.6864
"2020-01-27T09:30:00.000Z",317.1679
"2020-01-27T09:45:00.000Z",300.4979
"2020-01-27T10:00:00.000Z",348.753
"2020-01-27T10:15:00.000Z",388.6732
"2020-01-27T10:30:00.000Z",413.2395
"2020-01-27T10:45:00.000Z",435.6123
"2020-01-27T11:00:00.000Z",459.3012
"2020-01-27T11:15:00.000Z",445.702
"2020-01-27T11:30:00.000Z",483.4287
"2020-01-27T11:45:00.000Z",504.4855
"2020-01-27T12:00:00.000Z",518.5234
"2020-01-27T12:15:00.000Z",519.8394
"2020-01-27T12:30:00.000Z",521.1555
"2020-01-27T12:45:00.000Z",517.646
"2020-01-27T13:00:00.000Z",502.7308
"2020-01-27T13:15:00.000Z",501.8534
"2020-01-27T13:30:00.000Z",490.4477
"2020-01-27T13:45:00.000Z",497.4666
"2020-01-27T14:00:00.000Z",459.3012
"2020-01-27T14:15:00.000Z",261.0164
"2020-01-27T14:30:00.000Z",250.0494
"2020-01-27T14:45:00.000Z",420.6971
"2020-01-27T15:00:00.000Z",325.5028
"2020-01-27T15:15:00.000Z",271.9835
"2020-01-27T15:30:00.000Z",287.3374
"2020-01-27T15:45:00.000Z",200.4782
"2020-01-27T16:00:00.000Z",153.5391
"2020-01-27T16:15:00.000Z",99.1424
"2020-01-27T16:30:00.000Z",85.1045
"2020-01-27T16:45:00.000Z",44.307
"2020-01-27T17:00:00.000Z",38.6041
"2020-01-27T17:15:00.000Z",23.6889
"2020-01-27T17:30:00.000Z",6.5802
"2020-01-27T17:45:00.000Z",0
"2020-01-27T18:00:00.000Z",0
"2020-01-27T18:15:00.000Z",0
"2020-01-27T18:30:00.000Z",0
"2020-01-27T18:45:00.000Z",0
"2020-01-27T19:00:00.000Z",0
"2020-01-27T19:15:00.000Z",0
"2020-01-27T19:30:00.000Z",0
"2020-01-27T19:45:00.000Z",0
"2020-01-27T20:00:00.000Z",0
"2020-01-27T20:15:00.000Z",0
"2020-01-27T20:30:00.000Z",0
"2020-01-27T20:45:00.000Z",0
"2020-01-27T21:00:00.000Z",0
"2020-01-27T21:15:00.000Z",0
"2020-01-27T21:30:00.000Z",0
"2020-01-27T21:45:00.000Z",0
"2020-01-27T22:00:00.000Z",0
"2020-01-27T22:15:00.000Z",0
"2020-01-27T22:30:00.000Z",0
"2020-01-27T22:45:00.000Z",0
"2020-01-27T23:00:00.000Z",0
"2020-01-27T23:15:00.000Z",0
"2020-01-27T23:30:00.000Z",0
"2020-01-27T23:45:00.000Z",0
"2020-01-28T00:00:00.000Z",0
"2020-01-28T00:15:00.000Z",0
"2020-01-28T00:30:00.000Z",0
"2020-01-28T00:45:00.000Z",0
"2020-01-28T01:00:00.000Z",0
"2020-01-28T01:15:00.000Z",0
"2020-01-28T01:30:00.000Z",0
"2020-01-28T01:45:00.000Z",0
"2020-01-28T02:00:00.000Z",0
"2020-01-28T02:15:00.000Z",0
"2020-01-28T02:30:00.000Z",0
"2020-01-28T02:45:00.000Z",0
"2020-01-28T03:00:00.000Z",0
"2020-01-28T03:15:00.000Z",0
"2020-01-28T03:30:00.000Z",0
"2020-01-28T03:45:00.000Z",0
"2020-01-28T04:00:00.000Z",0
"2020-01-28T04:15:00.000Z",0
"2020-01-28T04:30:00.000Z",0
"2020-01-28T04:45:00.000Z",0
"2020-01-28T05:00:00.000Z",0
"2020-01-28T05:15:00.000Z",0
"2020-01-28T05:30:00.000Z",0
"2020-01-28T05:45:00.000Z",0
"2020-01-28T06:00:00.000Z",0
"2020-01-28T06:15:00.000Z",0
"2020-01-28T06:30:00.000Z",0
"2020-01-28T06:45:00.000Z",0
"2020-01-28T07:00:00.000Z",9.651
"2020-01-28T07:15:00.000Z",8.335
"2020-01-28T07:30:00.000Z",22.3728
"2020-01-28T07:45:00.000Z",47.3778
"2020-01-28T08:00:00.000Z",68.8732
"2020-01-28T08:15:00.000Z",121.0765
"2020-01-28T08:30:00.000Z",197.8461
"2020-01-28T08:45:00.000Z",250.0494
"2020-01-28T09:00:00.000Z",111.4255
"2020-01-28T09:15:00.000Z",250.488
"2020-01-28T09:30:00.000Z",376.8288
"2020-01-28T09:45:00.000Z",290.8469
"2020-01-28T10:00:00.000Z",213.6387
"2020-01-28T10:15:00.000Z",300.0592
"2020-01-28T10:30:00.000Z",192.1432
"2020-01-28T10:45:00.000Z",132.921
"2020-01-28T11:00:00.000Z",545.7217
"2020-01-28T11:15:00.000Z",336.9086
"2020-01-28T11:30:00.000Z",370.6872
"2020-01-28T11:45:00.000Z",276.3703
"2020-01-28T12:00:00.000Z",518.9621
"2020-01-28T12:15:00.000Z",524.2263
"2020-01-28T12:30:00.000Z",524.665
"2020-01-28T12:45:00.000Z",521.1555
"2020-01-28T13:00:00.000Z",514.1366
"2020-01-28T13:15:00.000Z",503.1695
"2020-01-28T13:30:00.000Z",492.6411
"2020-01-28T13:45:00.000Z",461.9333
"2020-01-28T14:00:00.000Z",438.6831
"2020-01-28T14:15:00.000Z",416.3102
"2020-01-28T14:30:00.000Z",388.6732
"2020-01-28T14:45:00.000Z",359.7201
"2020-01-28T15:00:00.000Z",328.1349
"2020-01-28T15:15:00.000Z",296.1111
"2020-01-28T15:30:00.000Z",260.5777
"2020-01-28T15:45:00.000Z",228.1152
"2020-01-28T16:00:00.000Z",183.8082
"2020-01-28T16:15:00.000Z",141.6946
"2020-01-28T16:30:00.000Z",98.265
"2020-01-28T16:45:00.000Z",60.9769
"2020-01-28T17:00:00.000Z",9.2123
"2020-01-28T17:15:00.000Z",5.2642
"2020-01-28T17:30:00.000Z",0
"2020-01-28T17:45:00.000Z",0
"2020-01-28T18:00:00.000Z",0
"2020-01-28T18:15:00.000Z",0
"2020-01-28T18:30:00.000Z",0
"2020-01-28T18:45:00.000Z",0
"2020-01-28T19:00:00.000Z",0
"2020-01-28T19:15:00.000Z",0
"2020-01-28T19:30:00.000Z",0
"2020-01-28T19:45:00.000Z",0
"2020-01-28T20:00:00.000Z",0
"2020-01-28T20:15:00.000Z",0
"2020-01-28T20:30:00.000Z",0
"2020-01-28T20:45:00.000Z",0
"2020-01-28T21:00:00.000Z",0
"2020-01-28T21:15:00.000Z",0
"2020-01-28T21:30:00.000Z",0
"2020-01-28T21:45:00.000Z",0
"2020-01-28T22:00:00.000Z",0
"2020-01-28T22:15:00.000Z",0
"2020-01-28T22:30:00.000Z",0
"2020-01-28T22:45:00.000Z",0
"2020-01-28T23:00:00.000Z",0
"2020-01-28T23:15:00.000Z",0
"2020-01-28T23:30:00.000Z",0
"2020-01-28T23:45:00.000Z",0
"2020-01-29T00:00:00.000Z",0
"2020-01-29T00:15:00.000Z",0
"2020-01-29T00:30:00.000Z",0
"2020-01-29T00:45:00.000Z",0
"2020-01-29T01:00:00.000Z",0
"2020-01-29T01:15:00.000Z",0
"2020-01-29T01:30:00.000Z",0
"2020-01-29T01:45:00.000Z",0
"2020-01-29T02:00:00.000Z",0
"2020-01-29T02:15:00.000Z",0
"2020-01-29T02:30:00.000Z",0
"2020-01-29T02:45:00.000Z",0
"2020-01-29T03:00:00.000Z",0
"2020-01-29T03:15:00.000Z",0
"2020-01-29T03:30:00.000Z",0
"2020-01-29T03:45:00.000Z",0
"2020-01-29T04:00:00.000Z",0
"2020-01-29T04:15:00.000Z",0
"2020-01-29T04:30:00.000Z",0
"2020-01-29T04:45:00.000Z",0
"2020-01-29T05:00:00.000Z",0
"2020-01-29T05:15:00.000Z",0
"2020-01-29T05:30:00.000Z",0
"2020-01-29T05:45:00.000Z",0
"2020-01-29T06:00:00.000Z",0
"2020-01-29T06:15:00.000Z",0
"2020-01-29T06:30:00.000Z",0
"2020-01-29T06:45:00.000Z",0
"2020-01-29T07:00:00.000Z",0
"2020-01-29T07:15:00.000Z",3.9481
"2020-01-29T07:30:00.000Z",6.5802
"2020-01-29T07:45:00.000Z",29.3918
"2020-01-29T08:00:00.000Z",43.8683
"2020-01-29T08:15:00.000Z",57.4675
"2020-01-29T08:30:00.000Z",155.7325
"2020-01-29T08:45:00.000Z",63.1704
"2020-01-29T09:00:00.000Z",120.1992
"2020-01-29T09:15:00.000Z",122.8313
"2020-01-29T09:30:00.000Z",119.7605
"2020-01-29T09:45:00.000Z",242.1531
"2020-01-29T10:00:00.000Z",443.9473
"2020-01-29T10:15:00.000Z",397.0082
"2020-01-29T10:30:00.000Z",356.2107
"2020-01-29T10:45:00.000Z",496.1506
"2020-01-29T11:00:00.000Z",376.8288
"2020-01-29T11:15:00.000Z",220.6576
"2020-01-29T11:30:00.000Z",575.9909
"2020-01-29T11:45:00.000Z",624.246
"2020-01-29T12:00:00.000Z",637.8452
"2020-01-29T12:15:00.000Z",567.2172
"2020-01-29T12:30:00.000Z",560.1983
"2020-01-29T12:45:00.000Z",549.6699
"2020-01-29T13:00:00.000Z",434.7349
"2020-01-29T13:15:00.000Z",568.9719
"2020-01-29T13:30:00.000Z",540.8962
"2020-01-29T13:45:00.000Z",510.1884
"2020-01-29T14:00:00.000Z",416.3102
"2020-01-29T14:15:00.000Z",147.8362
"2020-01-29T14:30:00.000Z",419.8197
"2020-01-29T14:45:00.000Z",187.7564
"2020-01-29T15:00:00.000Z",300.0592
"2020-01-29T15:15:00.000Z",335.1539
"2020-01-29T15:30:00.000Z",179.8601
"2020-01-29T15:45:00.000Z",173.2798
"2020-01-29T16:00:00.000Z",186.4403
"2020-01-29T16:15:00.000Z",163.6288
"2020-01-29T16:30:00.000Z",68.4346
"2020-01-29T16:45:00.000Z",53.5193
"2020-01-29T17:00:00.000Z",22.8115
"2020-01-29T17:15:00.000Z",8.7737
"2020-01-29T17:30:00.000Z",0.4387
"2020-01-29T17:45:00.000Z",0
"2020-01-29T18:00:00.000Z",0
"2020-01-29T18:15:00.000Z",0
"2020-01-29T18:30:00.000Z",0
"2020-01-29T18:45:00.000Z",0
"2020-01-29T19:00:00.000Z",0
"2020-01-29T19:15:00.000Z",0
"2020-01-29T19:30:00.000Z",0
"2020-01-29T19:45:00.000Z",0
"2020-01-29T20:00:00.000Z",0
"2020-01-29T20:15:00.000Z",0
"2020-01-29T20:30:00.000Z",0
"2020-01-29T20:45:00.000Z",0
"2020-01-29T21:00:00.000Z",0
"2020-01-29T21:15:00.000Z",0
"2020-01-29T21:30:00.000Z",0
"2020-01-29T21:45:00.000Z",0
"2020-01-29T22:00:00.000Z",0
"2020-01-29T22:15:00.000Z",0
"2020-01-29T22:30:00.000Z",0
"2020-01-29T22:45:00.000Z",0
"2020-01-29T23:00:00.000Z",0
"2020-01-29T23:15:00.000Z",0
"2020-01-29T23:30:00.000Z",0
"2020-01-29T23:45:00.000Z",0
"2020-01-30T00:00:00.000Z",0
"2020-01-30T00:15:00.000Z",0
"2020-01-30T00:30:00.000Z",0
"2020-01-30T00:45:00.000Z",0
"2020-01-30T01:00:00.000Z",0
"2020-01-30T01:15:00.000Z",0
"2020-01-30T01:30:00.000Z",0
"2020-01-30T01:45:00.000Z",0
"2020-01-30T02:00:00.000Z",0
"2020-01-30T02:15:00.000Z",0
"2020-01-30T02:30:00.000Z",0
"2020-01-30T02:45:00.000Z",0
"2020-01-30T03:00:00.000Z",0
"2020-01-30T03:15:00.000Z",0
"2020-01-30T03:30:00.000Z",0
"2020-01-30T03:45:00.000Z",0
"2020-01-30T04:00:00.000Z",0
"2020-01-30T04:15:00.000Z",0
"2020-01-30T04:30:00.000Z",0
"2020-01-30T04:45:00.000Z",0
"2020-01-30T05:00:00.000Z",0
"2020-01-30T05:15:00.000Z",0
"2020-01-30T05:30:00.000Z",0
"2020-01-30T05:45:00.000Z",0
"2020-01-30T06:00:00.000Z",0
"2020-01-30T06:15:00.000Z",0
"2020-01-30T06:30:00.000Z",0
"2020-01-30T06:45:00.000Z",0
"2020-01-30T07:00:00.000Z",0.8774
"2020-01-30T07:15:00.000Z",2.6321
"2020-01-30T07:30:00.000Z",20.6181
"2020-01-30T07:45:00.000Z",31.1465
"2020-01-30T08:00:00.000Z",44.7457
"2020-01-30T08:15:00.000Z",58.7835
"2020-01-30T08:30:00.000Z",104.8453
"2020-01-30T08:45:00.000Z",121.0765
"2020-01-30T09:00:00.000Z",227.6765
"2020-01-30T09:15:00.000Z",180.2987
"2020-01-30T09:30:00.000Z",173.7185
"2020-01-30T09:45:00.000Z",207.4971
"2020-01-30T10:00:00.000Z",209.2518
"2020-01-30T10:15:00.000Z",201.3555
"2020-01-30T10:30:00.000Z",203.5489
"2020-01-30T10:45:00.000Z",214.9547
"2020-01-30T11:00:00.000Z",279.4411
"2020-01-30T11:15:00.000Z",320.2386
"2020-01-30T11:30:00.000Z",333.3991
"2020-01-30T11:45:00.000Z",417.1876
"2020-01-30T12:00:00.000Z",597.0477
"2020-01-30T12:15:00.000Z",558.0049
"2020-01-30T12:30:00.000Z",357.5267
"2020-01-30T12:45:00.000Z",552.7407
"2020-01-30T13:00:00.000Z",357.9654
"2020-01-30T13:15:00.000Z",295.6724
"2020-01-30T13:30:00.000Z",400.079
"2020-01-30T13:45:00.000Z",308.8329
"2020-01-30T14:00:00.000Z",199.6008
"2020-01-30T14:15:00.000Z",413.6781
"2020-01-30T14:30:00.000Z",400.5176
"2020-01-30T14:45:00.000Z",373.3193
"2020-01-30T15:00:00.000Z",350.5078
"2020-01-30T15:15:00.000Z",334.7152
"2020-01-30T15:30:00.000Z",277.6864
"2020-01-30T15:45:00.000Z",203.1103
"2020-01-30T16:00:00.000Z",162.7514
"2020-01-30T16:15:00.000Z",120.1992
"2020-01-30T16:30:00.000Z",81.5951
"2020-01-30T16:45:00.000Z",42.9909
"2020-01-30T17:00:00.000Z",16.67
"2020-01-30T17:15:00.000Z",3.9481
"2020-01-30T17:30:00.000Z",9.651
"2020-01-30T17:45:00.000Z",0
"2020-01-30T18:00:00.000Z",0
"2020-01-30T18:15:00.000Z",0
"2020-01-30T18:30:00.000Z",0
"2020-01-30T18:45:00.000Z",0
"2020-01-30T19:00:00.000Z",0
"2020-01-30T19:15:00.000Z",0
"2020-01-30T19:30:00.000Z",0
"2020-01-30T19:45:00.000Z",0
"2020-01-30T20:00:00.000Z",0
"2020-01-30T20:15:00.000Z",0
"2020-01-30T20:30:00.000Z",0
"2020-01-30T20:45:00.000Z",0
"2020-01-30T21:00:00.000Z",0
"2020-01-30T21:15:00.000Z",0
"2020-01-30T21:30:00.000Z",0
"2020-01-30T21:45:00.000Z",0
"2020-01-30T22:00:00.000Z",0
"2020-01-30T22:15:00.000Z",0
"2020-01-30T22:30:00.000Z",0
"2020-01-30T22:45:00.000Z",0
"2020-01-30T23:00:00.000Z",0
"2020-01-30T23:15:00.000Z",0
"2020-01-30T23:30:00.000Z",0
"2020-01-30T23:45:00.000Z",0
"2020-01-31T00:00:00.000Z",0
"2020-01-31T00:15:00.000Z",0
"2020-01-31T00:30:00.000Z",0
"2020-01-31T00:45:00.000Z",0
"2020-01-31T01:00:00.000Z",0
"2020-01-31T01:15:00.000Z",0
"2020-01-31T01:30:00.000Z",0
"2020-01-31T01:45:00.000Z",0
"2020-01-31T02:00:00.000Z",0
"2020-01-31T02:15:00.000Z",0
"2020-01-31T02:30:00.000Z",0
"2020-01-31T02:45:00.000Z",0
"2020-01-31T03:00:00.000Z",0
"2020-01-31T03:15:00.000Z",0
"2020-01-31T03:30:00.000Z",0
"2020-01-31T03:45:00.000Z",0
"2020-01-31T04:00:00.000Z",0
"2020-01-31T04:15:00.000Z",0
"2020-01-31T04:30:00.000Z",0
"2020-01-31T04:45:00.000Z",0
"2020-01-31T05:00:00.000Z",0
"2020-01-31T05:15:00.000Z",0
"2020-01-31T05:30:00.000Z",0
"2020-01-31T05:45:00.000Z",0
"2020-01-31T06:00:00.000Z",0
"2020-01-31T06:15:00.000Z",0
"2020-01-31T06:30:00.000Z",0
"2020-01-31T06:45:00.000Z",0
"2020-01-31T07:00:00.000Z",0.4387
"2020-01-31T07:15:00.000Z",2.1934
"2020-01-31T07:30:00.000Z",21.0568
"2020-01-31T07:45:00.000Z",39.9202
"2020-01-31T08:00:00.000Z",74.5761
"2020-01-31T08:15:00.000Z",109.6708
"2020-01-31T08:30:00.000Z",164.0675
"2020-01-31T08:45:00.000Z",168.893
"2020-01-31T09:00:00.000Z",168.4543
"2020-01-31T09:15:00.000Z",162.3127
"2020-01-31T09:30:00.000Z",183.8082
"2020-01-31T09:45:00.000Z",237.3275
"2020-01-31T10:00:00.000Z",235.5728
"2020-01-31T10:15:00.000Z",247.8559
"2020-01-31T10:30:00.000Z",328.1349
"2020-01-31T10:45:00.000Z",364.5456
"2020-01-31T11:00:00.000Z",379.4609
"2020-01-31T11:15:00.000Z",379.4609
"2020-01-31T11:30:00.000Z",384.7251
"2020-01-31T11:45:00.000Z",434.7349
"2020-01-31T12:00:00.000Z",429.9094
"2020-01-31T12:15:00.000Z",493.9571
"2020-01-31T12:30:00.000Z",500.0987
"2020-01-31T12:45:00.000Z",441.3152
"2020-01-31T13:00:00.000Z",441.7539
"2020-01-31T13:15:00.000Z",507.1176
"2020-01-31T13:30:00.000Z",429.9094
"2020-01-31T13:45:00.000Z",450.9662
"2020-01-31T14:00:00.000Z",436.9283
"2020-01-31T14:15:00.000Z",414.5555
"2020-01-31T14:30:00.000Z",414.1168
"2020-01-31T14:45:00.000Z",390.8666
"2020-01-31T15:00:00.000Z",352.7012
"2020-01-31T15:15:00.000Z",285.144
"2020-01-31T15:30:00.000Z",257.0683
"2020-01-31T15:45:00.000Z",220.6576
"2020-01-31T16:00:00.000Z",178.9827
"2020-01-31T16:15:00.000Z",136.4304
"2020-01-31T16:30:00.000Z",90.8074
"2020-01-31T16:45:00.000Z",57.4675
"2020-01-31T17:00:00.000Z",32.9012
"2020-01-31T17:15:00.000Z",18.8634
"2020-01-31T17:30:00.000Z",3.5095
"2020-01-31T17:45:00.000Z",0.4387
"2020-01-31T18:00:00.000Z",0
"2020-01-31T18:15:00.000Z",0
"2020-01-31T18:30:00.000Z",0
"2020-01-31T18:45:00.000Z",0
"2020-01-31T19:00:00.000Z",0
"2020-01-31T19:15:00.000Z",0
"2020-01-31T19:30:00.000Z",0
"2020-01-31T19:45:00.000Z",0
"2020-01-31T20:00:00.000Z",0
"2020-01-31T20:15:00.000Z",0
"2020-01-31T20:30:00.000Z",0
"2020-01-31T20:45:00.000Z",0
"2020-01-31T21:00:00.000Z",0
"2020-01-31T21:15:00.000Z",0
"2020-01-31T21:30:00.000Z",0
"2020-01-31T21:45:00.000Z",0
"2020-01-31T22:00:00.000Z",0
"2020-01-31T22:15:00.000Z",0
"2020-01-31T22:30:00.000Z",0
"2020-01-31T22:45:00.000Z",0
"2020-01-31T23:00:00.000Z",0
"2020-01-31T23:15:00.000Z",0
"2020-01-31T23:30:00.000Z",0
"2020-01-31T23:45:00.000Z",0
"2020-02-01T00:00:00.000Z",0}]